/*!40101 SET @OLD_CHARACTER_SET_CLIENT=@@CHARACTER_SET_CLIENT */;
/*!40101 SET @OLD_CHARACTER_SET_RESULTS=@@CHARACTER_SET_RESULTS */;
/*!40101 SET @OLD_COLLATION_CONNECTION=@@COLLATION_CONNECTION */;
/*!40101 SET NAMES utf8mb4 */;
/*!40014 SET @OLD_UNIQUE_CHECKS=@@UNIQUE_CHECKS, UNIQUE_CHECKS=0 */;
/*!40014 SET @OLD_FOREIGN_KEY_CHECKS=@@FOREIGN_KEY_CHECKS, FOREIGN_KEY_CHECKS=0 */;
/*!40101 SET @OLD_SQL_MODE=@@SQL_MODE, SQL_MODE='NO_AUTO_VALUE_ON_ZERO' */;
/*!40111 SET @OLD_SQL_NOTES=@@SQL_NOTES, SQL_NOTES=0 */;

DROP TABLE IF EXISTS `answer_history_test`;
CREATE TABLE `answer_history_test` (
  `answer_history_id` bigint NOT NULL AUTO_INCREMENT,
  `answer` text,
  `question_id` bigint DEFAULT NULL,
  `user_test_id` bigint DEFAULT NULL,
  PRIMARY KEY (`answer_history_id`),
  KEY `FKk773febsh8yskkmnw1tie1g0c` (`question_id`),
  KEY `FK5pgc1ta3bxikvrwfhe7arcgk1` (`user_test_id`),
  CONSTRAINT `FK5pgc1ta3bxikvrwfhe7arcgk1` FOREIGN KEY (`user_test_id`) REFERENCES `user_test` (`user_test_id`),
  CONSTRAINT `FKk773febsh8yskkmnw1tie1g0c` FOREIGN KEY (`question_id`) REFERENCES `question_bank` (`question_id`)
) ENGINE=InnoDB AUTO_INCREMENT=39 DEFAULT CHARSET=utf8mb4 COLLATE=utf8mb4_0900_ai_ci;

DROP TABLE IF EXISTS `cart`;
CREATE TABLE `cart` (
  `cart_id` bigint NOT NULL AUTO_INCREMENT,
  `quantity` int NOT NULL,
  `user_id` bigint DEFAULT NULL,
  PRIMARY KEY (`cart_id`),
  UNIQUE KEY `UK9emlp6m95v5er2bcqkjsw48he` (`user_id`),
  CONSTRAINT `FKl70asp4l4w0jmbm1tqyofho4o` FOREIGN KEY (`user_id`) REFERENCES `user` (`user_id`),
  CONSTRAINT `cart_chk_1` CHECK ((`quantity` >= 0))
) ENGINE=InnoDB AUTO_INCREMENT=14 DEFAULT CHARSET=utf8mb4 COLLATE=utf8mb4_0900_ai_ci;

DROP TABLE IF EXISTS `cart_package`;
CREATE TABLE `cart_package` (
  `id` bigint NOT NULL AUTO_INCREMENT,
  `price` double NOT NULL,
  `cart_id` bigint DEFAULT NULL,
  `package_id` bigint DEFAULT NULL,
  PRIMARY KEY (`id`),
  KEY `FK59q2t3eah0tc3pg3xesac6njm` (`cart_id`),
  KEY `FKj4i3e1r02qk6u26o4qiea7822` (`package_id`),
  CONSTRAINT `FK59q2t3eah0tc3pg3xesac6njm` FOREIGN KEY (`cart_id`) REFERENCES `cart` (`cart_id`),
  CONSTRAINT `FKj4i3e1r02qk6u26o4qiea7822` FOREIGN KEY (`package_id`) REFERENCES `package` (`package_id`)
) ENGINE=InnoDB AUTO_INCREMENT=16 DEFAULT CHARSET=utf8mb4 COLLATE=utf8mb4_0900_ai_ci;

DROP TABLE IF EXISTS `chapter`;
CREATE TABLE `chapter` (
  `chapter_id` bigint NOT NULL AUTO_INCREMENT,
  `created_at` datetime(6) DEFAULT NULL,
  `updated_at` datetime(6) DEFAULT NULL,
  `user_created` bigint DEFAULT NULL,
  `user_updated` bigint DEFAULT NULL,
  `chapter_description` text NOT NULL,
  `chapter_name` varchar(255) CHARACTER SET utf8mb3 COLLATE utf8mb3_general_ci NOT NULL,
  `is_hidden` tinyint(1) DEFAULT '0',
  `status` tinyint(1) DEFAULT '1',
  `subject_id` bigint DEFAULT NULL,
  `test_id` bigint DEFAULT NULL,
  PRIMARY KEY (`chapter_id`),
  KEY `FKd6c6ioitnf5lmhsseq5h67i30` (`subject_id`),
  KEY `FKdhb9s6rxymbvvecwh6gng6ras` (`test_id`),
  CONSTRAINT `FKd6c6ioitnf5lmhsseq5h67i30` FOREIGN KEY (`subject_id`) REFERENCES `subjects` (`subject_id`),
  CONSTRAINT `FKdhb9s6rxymbvvecwh6gng6ras` FOREIGN KEY (`test_id`) REFERENCES `test` (`test_id`)
) ENGINE=InnoDB AUTO_INCREMENT=24 DEFAULT CHARSET=utf8mb4 COLLATE=utf8mb4_0900_ai_ci;

DROP TABLE IF EXISTS `communication`;
CREATE TABLE `communication` (
  `id` bigint NOT NULL AUTO_INCREMENT,
  `created_at` datetime(6) DEFAULT NULL,
  `updated_at` datetime(6) DEFAULT NULL,
  `user_created` bigint DEFAULT NULL,
  `user_updated` bigint DEFAULT NULL,
  `comment_status` varchar(20) NOT NULL DEFAULT 'PENDING',
  `content` text NOT NULL,
  `last_activity_at` datetime(6) DEFAULT NULL,
  `lesson_id` bigint NOT NULL,
  `parent_comment_id` bigint DEFAULT NULL,
  PRIMARY KEY (`id`),
  KEY `FKinet98cf046q4b1kmwrumxd1n` (`lesson_id`),
  KEY `FKs9ayhv662geb6q33i66nav9h4` (`parent_comment_id`),
  KEY `FK7usf2hlsxv01h4p13jy2arp8f` (`user_created`),
  CONSTRAINT `FK7usf2hlsxv01h4p13jy2arp8f` FOREIGN KEY (`user_created`) REFERENCES `user` (`user_id`),
  CONSTRAINT `FKinet98cf046q4b1kmwrumxd1n` FOREIGN KEY (`lesson_id`) REFERENCES `lessons` (`lesson_id`),
  CONSTRAINT `FKs9ayhv662geb6q33i66nav9h4` FOREIGN KEY (`parent_comment_id`) REFERENCES `communication` (`id`)
) ENGINE=InnoDB AUTO_INCREMENT=21 DEFAULT CHARSET=utf8mb4 COLLATE=utf8mb4_0900_ai_ci;

DROP TABLE IF EXISTS `config`;
CREATE TABLE `config` (
  `id` bigint NOT NULL AUTO_INCREMENT,
  `created_at` datetime(6) DEFAULT NULL,
  `updated_at` datetime(6) DEFAULT NULL,
  `user_created` bigint DEFAULT NULL,
  `user_updated` bigint DEFAULT NULL,
  `config_key` varchar(255) NOT NULL,
  `config_value` text NOT NULL,
  `description` text,
  PRIMARY KEY (`id`),
  UNIQUE KEY `UK89i3nngg57qqlo0lkmxee1w9r` (`config_key`)
) ENGINE=InnoDB AUTO_INCREMENT=2 DEFAULT CHARSET=utf8mb4 COLLATE=utf8mb4_0900_ai_ci;

DROP TABLE IF EXISTS `grades`;
CREATE TABLE `grades` (
  `grade_id` bigint NOT NULL AUTO_INCREMENT,
  `grade_name` varchar(255) CHARACTER SET utf8mb3 COLLATE utf8mb3_general_ci DEFAULT NULL,
  `is_active` bit(1) DEFAULT NULL,
  PRIMARY KEY (`grade_id`)
) ENGINE=InnoDB AUTO_INCREMENT=3 DEFAULT CHARSET=utf8mb4 COLLATE=utf8mb4_0900_ai_ci;

DROP TABLE IF EXISTS `invite`;
CREATE TABLE `invite` (
  `id` bigint NOT NULL AUTO_INCREMENT,
  `created_at` datetime(6) NOT NULL,
  `expires_at` datetime(6) NOT NULL,
  `invite_code` varchar(255) NOT NULL,
  `used` bit(1) NOT NULL,
  `student_email` varchar(255) NOT NULL,
  `parent_id` bigint NOT NULL,
  PRIMARY KEY (`id`),
  UNIQUE KEY `UKibxt77vs9f86hlh3r4jnlxuro` (`invite_code`),
  KEY `FK6h5a9h82yn4x5yh431dwgwctn` (`parent_id`),
  CONSTRAINT `FK6h5a9h82yn4x5yh431dwgwctn` FOREIGN KEY (`parent_id`) REFERENCES `user` (`user_id`)
) ENGINE=InnoDB AUTO_INCREMENT=2 DEFAULT CHARSET=utf8mb4 COLLATE=utf8mb4_0900_ai_ci;

DROP TABLE IF EXISTS `lesson_materials`;
CREATE TABLE `lesson_materials` (
  `material_id` bigint NOT NULL AUTO_INCREMENT,
  `created_at` datetime(6) DEFAULT NULL,
  `updated_at` datetime(6) DEFAULT NULL,
  `user_created` bigint DEFAULT NULL,
  `user_updated` bigint DEFAULT NULL,
  `file_name` varchar(255) NOT NULL,
  `file_path` varchar(255) NOT NULL,
  `lesson_id` bigint NOT NULL,
  PRIMARY KEY (`material_id`),
  KEY `FKsn49ce56knhroixcjqheaphvb` (`lesson_id`),
  CONSTRAINT `FKsn49ce56knhroixcjqheaphvb` FOREIGN KEY (`lesson_id`) REFERENCES `lessons` (`lesson_id`)
) ENGINE=InnoDB AUTO_INCREMENT=2 DEFAULT CHARSET=utf8mb4 COLLATE=utf8mb4_0900_ai_ci;

DROP TABLE IF EXISTS `lesson_progress`;
CREATE TABLE `lesson_progress` (
  `id` bigint NOT NULL AUTO_INCREMENT,
  `is_completed` bit(1) NOT NULL,
  `updated_at` datetime(6) DEFAULT NULL,
  `watched_time` int NOT NULL,
  `lesson_id` bigint NOT NULL,
  `package_id` bigint NOT NULL,
  `subject_id` bigint NOT NULL,
  `user_id` bigint NOT NULL,
  PRIMARY KEY (`id`),
  KEY `FKqwr70bkn0j6gok1y4op9jns8y` (`lesson_id`),
  KEY `FK47seykjkaqx1hw4otgbtwebwa` (`package_id`),
  KEY `FK9b0wg6724lh3kmpwo9gaxnrcw` (`subject_id`),
  KEY `FKprdhqbwedhmcqhw7xtf4gkp2l` (`user_id`),
  CONSTRAINT `FK47seykjkaqx1hw4otgbtwebwa` FOREIGN KEY (`package_id`) REFERENCES `package` (`package_id`),
  CONSTRAINT `FK9b0wg6724lh3kmpwo9gaxnrcw` FOREIGN KEY (`subject_id`) REFERENCES `subjects` (`subject_id`),
  CONSTRAINT `FKprdhqbwedhmcqhw7xtf4gkp2l` FOREIGN KEY (`user_id`) REFERENCES `user` (`user_id`),
  CONSTRAINT `FKqwr70bkn0j6gok1y4op9jns8y` FOREIGN KEY (`lesson_id`) REFERENCES `lessons` (`lesson_id`)
) ENGINE=InnoDB AUTO_INCREMENT=12 DEFAULT CHARSET=utf8mb4 COLLATE=utf8mb4_0900_ai_ci;

DROP TABLE IF EXISTS `lessons`;
CREATE TABLE `lessons` (
  `lesson_id` bigint NOT NULL AUTO_INCREMENT,
  `created_at` datetime(6) DEFAULT NULL,
  `updated_at` datetime(6) DEFAULT NULL,
  `user_created` bigint DEFAULT NULL,
  `user_updated` bigint DEFAULT NULL,
  `is_hidden` tinyint(1) DEFAULT '0',
  `lesson_description` text NOT NULL,
  `lesson_name` varchar(255) CHARACTER SET utf8mb3 COLLATE utf8mb3_general_ci NOT NULL,
  `status` tinyint(1) DEFAULT '0',
  `thumbnail_url` varchar(255) DEFAULT NULL,
  `video_src` varchar(255) NOT NULL,
  `video_time` varchar(255) DEFAULT NULL,
  `video_title` varchar(255) DEFAULT NULL,
  `chapter_id` bigint DEFAULT NULL,
  `test_id` bigint DEFAULT NULL,
  PRIMARY KEY (`lesson_id`),
  UNIQUE KEY `UKfrc6jfossj0n55kk0qfdceixf` (`test_id`),
  KEY `FKhdo9ue3cwdbscnt2jmab0k3up` (`chapter_id`),
  CONSTRAINT `FKhdo9ue3cwdbscnt2jmab0k3up` FOREIGN KEY (`chapter_id`) REFERENCES `chapter` (`chapter_id`),
  CONSTRAINT `FKm11rdnvuia2vmgkwguxnelqhy` FOREIGN KEY (`test_id`) REFERENCES `test` (`test_id`)
) ENGINE=InnoDB AUTO_INCREMENT=104 DEFAULT CHARSET=utf8mb4 COLLATE=utf8mb4_0900_ai_ci;

DROP TABLE IF EXISTS `level_question`;
CREATE TABLE `level_question` (
  `level_question_id` bigint NOT NULL AUTO_INCREMENT,
  `level_question_description` varchar(255) CHARACTER SET utf8mb3 COLLATE utf8mb3_general_ci DEFAULT NULL,
  `level_question_name` varchar(255) CHARACTER SET utf8mb3 COLLATE utf8mb3_general_ci DEFAULT NULL,
  PRIMARY KEY (`level_question_id`)
) ENGINE=InnoDB AUTO_INCREMENT=4 DEFAULT CHARSET=utf8mb4 COLLATE=utf8mb4_0900_ai_ci;

DROP TABLE IF EXISTS `notifications`;
CREATE TABLE `notifications` (
  `notification_id` bigint NOT NULL AUTO_INCREMENT,
  `created_at` datetime(6) DEFAULT NULL,
  `updated_at` datetime(6) DEFAULT NULL,
  `user_created` bigint DEFAULT NULL,
  `user_updated` bigint DEFAULT NULL,
  `content` varchar(255) CHARACTER SET utf8mb3 COLLATE utf8mb3_general_ci DEFAULT NULL,
  `link` varchar(255) DEFAULT NULL,
  `target_type` varchar(255) NOT NULL,
  `target_value` bigint DEFAULT NULL,
  `thumbnail` varchar(255) DEFAULT NULL,
  `title` varchar(255) DEFAULT NULL,
  PRIMARY KEY (`notification_id`)
) ENGINE=InnoDB AUTO_INCREMENT=43 DEFAULT CHARSET=utf8mb4 COLLATE=utf8mb4_0900_ai_ci;

DROP TABLE IF EXISTS `package`;
CREATE TABLE `package` (
  `package_id` bigint NOT NULL AUTO_INCREMENT,
  `created_at` datetime(6) DEFAULT NULL,
  `updated_at` datetime(6) DEFAULT NULL,
  `user_created` bigint DEFAULT NULL,
  `user_updated` bigint DEFAULT NULL,
  `description` varchar(255) CHARACTER SET utf8mb3 COLLATE utf8mb3_general_ci NOT NULL,
  `duration_days` int NOT NULL,
  `image` varchar(255) DEFAULT NULL,
  `is_active` bit(1) DEFAULT NULL,
  `name` varchar(255) CHARACTER SET utf8mb3 COLLATE utf8mb3_general_ci NOT NULL,
  `package_type` enum('FULL_COURSE','PRACTICE_ONLY') NOT NULL,
  `price` double NOT NULL,
  `status` enum('APPROVED','PENDING','REJECTED') NOT NULL,
  `grade_id` bigint DEFAULT NULL,
  PRIMARY KEY (`package_id`),
  KEY `FKnlty0ejm8r3ia3m9kq7s03yr1` (`grade_id`),
  CONSTRAINT `FKnlty0ejm8r3ia3m9kq7s03yr1` FOREIGN KEY (`grade_id`) REFERENCES `grades` (`grade_id`),
  CONSTRAINT `package_chk_1` CHECK (((`duration_days` <= 365) and (`duration_days` >= 1))),
  CONSTRAINT `package_chk_2` CHECK ((`price` >= 1000))
) ENGINE=InnoDB AUTO_INCREMENT=6 DEFAULT CHARSET=utf8mb4 COLLATE=utf8mb4_0900_ai_ci;

DROP TABLE IF EXISTS `package_subject`;
CREATE TABLE `package_subject` (
  `package_id` bigint NOT NULL,
  `subject_id` bigint NOT NULL,
  PRIMARY KEY (`package_id`,`subject_id`),
  KEY `FKqvn85tiu4g8j7b12gfe6qxshv` (`subject_id`),
  CONSTRAINT `FKqvn85tiu4g8j7b12gfe6qxshv` FOREIGN KEY (`subject_id`) REFERENCES `subjects` (`subject_id`),
  CONSTRAINT `FKrh81ki08nufqq50vydw5g7tqf` FOREIGN KEY (`package_id`) REFERENCES `package` (`package_id`)
) ENGINE=InnoDB DEFAULT CHARSET=utf8mb4 COLLATE=utf8mb4_0900_ai_ci;

DROP TABLE IF EXISTS `question_bank`;
CREATE TABLE `question_bank` (
  `question_id` bigint NOT NULL AUTO_INCREMENT,
  `created_at` datetime(6) DEFAULT NULL,
  `updated_at` datetime(6) DEFAULT NULL,
  `user_created` bigint DEFAULT NULL,
  `user_updated` bigint DEFAULT NULL,
  `active` bit(1) DEFAULT NULL,
  `content` text,
  `image` text,
  `options` text,
  `reason` text,
  `chapter_id` bigint DEFAULT NULL,
  `grade_id` bigint DEFAULT NULL,
  `lesson_id` bigint DEFAULT NULL,
  `level_question_id` bigint DEFAULT NULL,
  `question_type_id` bigint DEFAULT NULL,
  `status_id` bigint DEFAULT NULL,
  `subject_id` bigint DEFAULT NULL,
  `display_at_end_of_lesson` bit(1) DEFAULT NULL,
  PRIMARY KEY (`question_id`),
  KEY `FKiqlo6cv5tylinr04lq4j96ln6` (`chapter_id`),
  KEY `FKo1rer0ot3y2dh4ysqusejv6ql` (`grade_id`),
  KEY `FK8p7xrf565m3cargb37780tg2t` (`lesson_id`),
  KEY `FK9x9q1s5hudq0kqi6edakilg22` (`level_question_id`),
  KEY `FKkvm9vt1yddriet3i4xajx0552` (`question_type_id`),
  KEY `FKcd4uymuhtu35jcp0mekfsrabw` (`status_id`),
  KEY `FKslf1y379fgns6k06x6bga2lyd` (`subject_id`),
  CONSTRAINT `FK8p7xrf565m3cargb37780tg2t` FOREIGN KEY (`lesson_id`) REFERENCES `lessons` (`lesson_id`),
  CONSTRAINT `FK9x9q1s5hudq0kqi6edakilg22` FOREIGN KEY (`level_question_id`) REFERENCES `level_question` (`level_question_id`),
  CONSTRAINT `FKcd4uymuhtu35jcp0mekfsrabw` FOREIGN KEY (`status_id`) REFERENCES `question_status` (`status_id`),
  CONSTRAINT `FKiqlo6cv5tylinr04lq4j96ln6` FOREIGN KEY (`chapter_id`) REFERENCES `chapter` (`chapter_id`),
  CONSTRAINT `FKkvm9vt1yddriet3i4xajx0552` FOREIGN KEY (`question_type_id`) REFERENCES `question_type` (`question_type_id`),
  CONSTRAINT `FKo1rer0ot3y2dh4ysqusejv6ql` FOREIGN KEY (`grade_id`) REFERENCES `grades` (`grade_id`),
  CONSTRAINT `FKslf1y379fgns6k06x6bga2lyd` FOREIGN KEY (`subject_id`) REFERENCES `subjects` (`subject_id`)
) ENGINE=InnoDB AUTO_INCREMENT=83 DEFAULT CHARSET=utf8mb4 COLLATE=utf8mb4_0900_ai_ci;

DROP TABLE IF EXISTS `question_status`;
CREATE TABLE `question_status` (
  `status_id` bigint NOT NULL AUTO_INCREMENT,
  `description` varchar(255) DEFAULT NULL,
  `status_name` varchar(255) NOT NULL,
  PRIMARY KEY (`status_id`),
  UNIQUE KEY `UKks0audii9pu7n1dkgko4nax4v` (`status_name`)
) ENGINE=InnoDB AUTO_INCREMENT=4 DEFAULT CHARSET=utf8mb4 COLLATE=utf8mb4_0900_ai_ci;

DROP TABLE IF EXISTS `question_test`;
CREATE TABLE `question_test` (
  `question_test_id` bigint NOT NULL AUTO_INCREMENT,
  `question_id` bigint DEFAULT NULL,
  `test_id` bigint DEFAULT NULL,
  PRIMARY KEY (`question_test_id`),
  KEY `FKpv0pkuu17sj4i2cucg1kehbpj` (`question_id`),
  KEY `FKaka77qh3nm8flhp7eticulung` (`test_id`),
  CONSTRAINT `FKaka77qh3nm8flhp7eticulung` FOREIGN KEY (`test_id`) REFERENCES `test` (`test_id`),
  CONSTRAINT `FKpv0pkuu17sj4i2cucg1kehbpj` FOREIGN KEY (`question_id`) REFERENCES `question_bank` (`question_id`)
) ENGINE=InnoDB AUTO_INCREMENT=39 DEFAULT CHARSET=utf8mb4 COLLATE=utf8mb4_0900_ai_ci;

DROP TABLE IF EXISTS `question_type`;
CREATE TABLE `question_type` (
  `question_type_id` bigint NOT NULL AUTO_INCREMENT,
  `question_type_description` varchar(255) CHARACTER SET utf8mb3 COLLATE utf8mb3_general_ci DEFAULT NULL,
  `question_type_name` varchar(255) CHARACTER SET utf8mb3 COLLATE utf8mb3_general_ci DEFAULT NULL,
  PRIMARY KEY (`question_type_id`)
) ENGINE=InnoDB AUTO_INCREMENT=2 DEFAULT CHARSET=utf8mb4 COLLATE=utf8mb4_0900_ai_ci;

DROP TABLE IF EXISTS `review`;
CREATE TABLE `review` (
  `review_id` bigint NOT NULL AUTO_INCREMENT,
  `created_at` datetime(6) DEFAULT NULL,
  `updated_at` datetime(6) DEFAULT NULL,
  `user_created` bigint DEFAULT NULL,
  `user_updated` bigint DEFAULT NULL,
  `comment` varchar(500) CHARACTER SET utf8mb3 COLLATE utf8mb3_general_ci DEFAULT NULL,
  `rating` int NOT NULL,
  `status` enum('APPROVED','PENDING','REJECTED') NOT NULL,
  `useful_count` int DEFAULT NULL,
  `package_id` bigint DEFAULT NULL,
  `subject_id` bigint DEFAULT NULL,
  `user_id` bigint NOT NULL,
  PRIMARY KEY (`review_id`),
  KEY `FKn4n4tdj8f1gj7arwx2ntiaoqf` (`package_id`),
  KEY `FKi9la99chjwnq4aepjqi57v9d` (`subject_id`),
  KEY `FKiyf57dy48lyiftdrf7y87rnxi` (`user_id`),
  CONSTRAINT `FKi9la99chjwnq4aepjqi57v9d` FOREIGN KEY (`subject_id`) REFERENCES `subjects` (`subject_id`),
  CONSTRAINT `FKiyf57dy48lyiftdrf7y87rnxi` FOREIGN KEY (`user_id`) REFERENCES `user` (`user_id`),
  CONSTRAINT `FKn4n4tdj8f1gj7arwx2ntiaoqf` FOREIGN KEY (`package_id`) REFERENCES `package` (`package_id`),
  CONSTRAINT `review_chk_1` CHECK (((`rating` >= 1) and (`rating` <= 5)))
) ENGINE=InnoDB AUTO_INCREMENT=4 DEFAULT CHARSET=utf8mb4 COLLATE=utf8mb4_0900_ai_ci;

DROP TABLE IF EXISTS `role`;
CREATE TABLE `role` (
  `role_name` varchar(255) NOT NULL,
  `role_description` varchar(255) CHARACTER SET utf8mb3 COLLATE utf8mb3_general_ci DEFAULT NULL,
  PRIMARY KEY (`role_name`)
) ENGINE=InnoDB DEFAULT CHARSET=utf8mb4 COLLATE=utf8mb4_0900_ai_ci;

DROP TABLE IF EXISTS `SPRING_SESSION`;
CREATE TABLE `SPRING_SESSION` (
  `PRIMARY_ID` char(36) NOT NULL,
  `SESSION_ID` char(36) NOT NULL,
  `CREATION_TIME` bigint NOT NULL,
  `LAST_ACCESS_TIME` bigint NOT NULL,
  `MAX_INACTIVE_INTERVAL` int NOT NULL,
  `EXPIRY_TIME` bigint NOT NULL,
  `PRINCIPAL_NAME` varchar(100) DEFAULT NULL,
  PRIMARY KEY (`PRIMARY_ID`),
  UNIQUE KEY `SPRING_SESSION_IX1` (`SESSION_ID`),
  KEY `SPRING_SESSION_IX2` (`EXPIRY_TIME`),
  KEY `SPRING_SESSION_IX3` (`PRINCIPAL_NAME`)
) ENGINE=InnoDB DEFAULT CHARSET=utf8mb4 COLLATE=utf8mb4_0900_ai_ci ROW_FORMAT=DYNAMIC;

DROP TABLE IF EXISTS `SPRING_SESSION_ATTRIBUTES`;
CREATE TABLE `SPRING_SESSION_ATTRIBUTES` (
  `SESSION_PRIMARY_ID` char(36) NOT NULL,
  `ATTRIBUTE_NAME` varchar(200) NOT NULL,
  `ATTRIBUTE_BYTES` blob NOT NULL,
  PRIMARY KEY (`SESSION_PRIMARY_ID`,`ATTRIBUTE_NAME`),
  CONSTRAINT `SPRING_SESSION_ATTRIBUTES_FK` FOREIGN KEY (`SESSION_PRIMARY_ID`) REFERENCES `SPRING_SESSION` (`PRIMARY_ID`) ON DELETE CASCADE
) ENGINE=InnoDB DEFAULT CHARSET=utf8mb4 COLLATE=utf8mb4_0900_ai_ci ROW_FORMAT=DYNAMIC;

DROP TABLE IF EXISTS `subject_assignments`;
CREATE TABLE `subject_assignments` (
  `assignment_id` bigint NOT NULL AUTO_INCREMENT,
  `assigned_at` datetime(6) DEFAULT NULL,
  `assigned_by` bigint DEFAULT NULL,
  `subject_id` bigint NOT NULL,
  `user_id` bigint NOT NULL,
  PRIMARY KEY (`assignment_id`),
  KEY `FKm84d98ifphcegiwlim9ag34ae` (`assigned_by`),
  KEY `FKmx4q94rdji3g6c7ovjcyesgbb` (`subject_id`),
  KEY `FK78f7fkqa3l6ae2eb6j3d4cy0g` (`user_id`),
  CONSTRAINT `FK78f7fkqa3l6ae2eb6j3d4cy0g` FOREIGN KEY (`user_id`) REFERENCES `user` (`user_id`),
  CONSTRAINT `FKm84d98ifphcegiwlim9ag34ae` FOREIGN KEY (`assigned_by`) REFERENCES `user` (`user_id`),
  CONSTRAINT `FKmx4q94rdji3g6c7ovjcyesgbb` FOREIGN KEY (`subject_id`) REFERENCES `subjects` (`subject_id`)
) ENGINE=InnoDB AUTO_INCREMENT=14 DEFAULT CHARSET=utf8mb4 COLLATE=utf8mb4_0900_ai_ci;

DROP TABLE IF EXISTS `subject_status_history`;
CREATE TABLE `subject_status_history` (
  `status_history_id` bigint NOT NULL AUTO_INCREMENT,
  `changed_at` datetime(6) NOT NULL,
  `feedback` text,
  `status` enum('APPROVED','DRAFT','PENDING','REJECTED') NOT NULL,
  `reviewer_id` bigint DEFAULT NULL,
  `subject_id` bigint NOT NULL,
  `submitted_by` bigint DEFAULT NULL,
  PRIMARY KEY (`status_history_id`),
  KEY `FKd7c6e2hfkcjy8i75tqt2ewjt2` (`reviewer_id`),
  KEY `FKstery3kuque9h2ljetw9ttbbu` (`subject_id`),
  KEY `FKo0awmd326wwbi7ltdtaopx8cb` (`submitted_by`),
  CONSTRAINT `FKd7c6e2hfkcjy8i75tqt2ewjt2` FOREIGN KEY (`reviewer_id`) REFERENCES `user` (`user_id`),
  CONSTRAINT `FKo0awmd326wwbi7ltdtaopx8cb` FOREIGN KEY (`submitted_by`) REFERENCES `user` (`user_id`),
  CONSTRAINT `FKstery3kuque9h2ljetw9ttbbu` FOREIGN KEY (`subject_id`) REFERENCES `subjects` (`subject_id`)
) ENGINE=InnoDB AUTO_INCREMENT=14 DEFAULT CHARSET=utf8mb4 COLLATE=utf8mb4_0900_ai_ci;

DROP TABLE IF EXISTS `subjects`;
CREATE TABLE `subjects` (
  `subject_id` bigint NOT NULL AUTO_INCREMENT,
  `created_at` datetime(6) DEFAULT NULL,
  `updated_at` datetime(6) DEFAULT NULL,
  `user_created` bigint DEFAULT NULL,
  `user_updated` bigint DEFAULT NULL,
  `is_active` bit(1) DEFAULT NULL,
  `subject_description` varchar(255) CHARACTER SET utf8mb3 COLLATE utf8mb3_general_ci DEFAULT NULL,
  `subject_image` varchar(255) DEFAULT NULL,
  `subject_name` varchar(255) CHARACTER SET utf8mb3 COLLATE utf8mb3_general_ci NOT NULL,
  `grade_id` bigint DEFAULT NULL,
  PRIMARY KEY (`subject_id`),
  KEY `FKp5gpt39lxgg443ws2tnvnukpa` (`grade_id`),
  CONSTRAINT `FKp5gpt39lxgg443ws2tnvnukpa` FOREIGN KEY (`grade_id`) REFERENCES `grades` (`grade_id`)
) ENGINE=InnoDB AUTO_INCREMENT=9 DEFAULT CHARSET=utf8mb4 COLLATE=utf8mb4_0900_ai_ci;

DROP TABLE IF EXISTS `test`;
CREATE TABLE `test` (
  `test_id` bigint NOT NULL AUTO_INCREMENT,
  `created_at` datetime(6) DEFAULT NULL,
  `updated_at` datetime(6) DEFAULT NULL,
  `user_created` bigint DEFAULT NULL,
  `user_updated` bigint DEFAULT NULL,
  `duration_time` int DEFAULT NULL,
  `end_at` datetime(6) DEFAULT NULL,
  `is_open` bit(1) DEFAULT NULL,
  `max_attempts` bigint DEFAULT NULL,
  `reason` varchar(255) DEFAULT NULL,
  `start_at` datetime(6) DEFAULT NULL,
  `test_name` varchar(255) CHARACTER SET utf8mb3 COLLATE utf8mb3_general_ci DEFAULT NULL,
  `chapter_id` bigint DEFAULT NULL,
  `lesson_id` bigint DEFAULT NULL,
  `subject_id` bigint DEFAULT NULL,
  `test_category_id` bigint DEFAULT NULL,
  `test_status_id` bigint DEFAULT NULL,
  PRIMARY KEY (`test_id`),
  UNIQUE KEY `UKt9u2q4tp8r1i0ewjb7hi087a0` (`lesson_id`),
  KEY `FKqgmqb79a3ac2gt2m5a46ke77n` (`chapter_id`),
  KEY `FKj7977vi517k9d3ysbbcy13u4i` (`subject_id`),
  KEY `FKlxkmp6ha6dq7k1g62hs9ssjl7` (`test_category_id`),
  KEY `FKbv20fl64bcfterjgrqoqgvwyv` (`test_status_id`),
  CONSTRAINT `FKbv20fl64bcfterjgrqoqgvwyv` FOREIGN KEY (`test_status_id`) REFERENCES `test_status` (`test_status_id`),
  CONSTRAINT `FKj7977vi517k9d3ysbbcy13u4i` FOREIGN KEY (`subject_id`) REFERENCES `subjects` (`subject_id`),
  CONSTRAINT `FKlxkmp6ha6dq7k1g62hs9ssjl7` FOREIGN KEY (`test_category_id`) REFERENCES `test_category` (`test_category_id`),
  CONSTRAINT `FKml35114vvcfru1057yeck4fre` FOREIGN KEY (`lesson_id`) REFERENCES `lessons` (`lesson_id`),
  CONSTRAINT `FKqgmqb79a3ac2gt2m5a46ke77n` FOREIGN KEY (`chapter_id`) REFERENCES `chapter` (`chapter_id`)
) ENGINE=InnoDB AUTO_INCREMENT=5 DEFAULT CHARSET=utf8mb4 COLLATE=utf8mb4_0900_ai_ci;

DROP TABLE IF EXISTS `test_category`;
CREATE TABLE `test_category` (
  `test_category_id` bigint NOT NULL AUTO_INCREMENT,
  `name` varchar(255) CHARACTER SET utf8mb3 COLLATE utf8mb3_general_ci DEFAULT NULL,
  PRIMARY KEY (`test_category_id`)
) ENGINE=InnoDB AUTO_INCREMENT=5 DEFAULT CHARSET=utf8mb4 COLLATE=utf8mb4_0900_ai_ci;

DROP TABLE IF EXISTS `test_status`;
CREATE TABLE `test_status` (
  `test_status_id` bigint NOT NULL AUTO_INCREMENT,
  `description` varchar(255) CHARACTER SET utf8mb3 COLLATE utf8mb3_general_ci DEFAULT NULL,
  `test_status_name` varchar(255) CHARACTER SET utf8mb3 COLLATE utf8mb3_general_ci DEFAULT NULL,
  PRIMARY KEY (`test_status_id`)
) ENGINE=InnoDB AUTO_INCREMENT=5 DEFAULT CHARSET=utf8mb4 COLLATE=utf8mb4_0900_ai_ci;

DROP TABLE IF EXISTS `transaction_package`;
CREATE TABLE `transaction_package` (
  `transaction_id` bigint NOT NULL,
  `package_id` bigint NOT NULL,
  KEY `FK5aap9w0ox2geurp9fjaqpv06l` (`package_id`),
  KEY `FK3g31hvkhrgjxuygx4h8rp1o6a` (`transaction_id`),
  CONSTRAINT `FK3g31hvkhrgjxuygx4h8rp1o6a` FOREIGN KEY (`transaction_id`) REFERENCES `transactions` (`transaction_id`),
  CONSTRAINT `FK5aap9w0ox2geurp9fjaqpv06l` FOREIGN KEY (`package_id`) REFERENCES `package` (`package_id`)
) ENGINE=InnoDB DEFAULT CHARSET=utf8mb4 COLLATE=utf8mb4_0900_ai_ci;

DROP TABLE IF EXISTS `transactions`;
CREATE TABLE `transactions` (
  `transaction_id` bigint NOT NULL AUTO_INCREMENT,
  `created_at` datetime(6) DEFAULT NULL,
  `updated_at` datetime(6) DEFAULT NULL,
  `user_created` bigint DEFAULT NULL,
  `user_updated` bigint DEFAULT NULL,
  `add_info` varchar(255) NOT NULL,
  `amount` decimal(38,2) NOT NULL,
  `confirmed_at` datetime(6) DEFAULT NULL,
  `evidence_image` varchar(255) DEFAULT NULL,
  `note` text,
  `rejected_at` datetime(6) DEFAULT NULL,
  `rejection_reason` text,
  `status` enum('APPROVED','PENDING','REJECTED') DEFAULT NULL,
  `transfer_code` varchar(20) NOT NULL,
  `processed_by` bigint DEFAULT NULL,
  `student_id` bigint NOT NULL,
  `user_id` bigint NOT NULL,
  PRIMARY KEY (`transaction_id`),
  UNIQUE KEY `UK1grj4x63ieyv4ogr63t3v9lug` (`transfer_code`),
  KEY `FK2s8m25jxirk2tyx3vxuh5am1k` (`processed_by`),
  KEY `FKoke7pgjqeqxg5y0fe6gyfij47` (`student_id`),
  KEY `FK9e5ssu5c6n40gw5bgt5dg4mph` (`user_id`),
  CONSTRAINT `FK2s8m25jxirk2tyx3vxuh5am1k` FOREIGN KEY (`processed_by`) REFERENCES `user` (`user_id`),
  CONSTRAINT `FK9e5ssu5c6n40gw5bgt5dg4mph` FOREIGN KEY (`user_id`) REFERENCES `user` (`user_id`),
  CONSTRAINT `FKoke7pgjqeqxg5y0fe6gyfij47` FOREIGN KEY (`student_id`) REFERENCES `user` (`user_id`)
) ENGINE=InnoDB AUTO_INCREMENT=11 DEFAULT CHARSET=utf8mb4 COLLATE=utf8mb4_0900_ai_ci;

DROP TABLE IF EXISTS `user`;
CREATE TABLE `user` (
  `user_id` bigint NOT NULL AUTO_INCREMENT,
  `created_at` datetime(6) DEFAULT NULL,
  `updated_at` datetime(6) DEFAULT NULL,
  `user_created` bigint DEFAULT NULL,
  `user_updated` bigint DEFAULT NULL,
  `avatar` varchar(255) DEFAULT NULL,
  `dob` date NOT NULL,
  `email` varchar(255) NOT NULL,
  `email_verify` bit(1) DEFAULT NULL,
  `email_verify_token` varchar(255) DEFAULT NULL,
  `email_verify_token_expiry` datetime(6) DEFAULT NULL,
  `full_name` varchar(255) CHARACTER SET utf8mb3 COLLATE utf8mb3_general_ci NOT NULL,
  `is_active` bit(1) DEFAULT NULL,
  `password` varchar(255) NOT NULL,
  `phone_number` varchar(255) NOT NULL,
  `reset_password_token` varchar(255) DEFAULT NULL,
  `reset_password_token_expiry` datetime(6) DEFAULT NULL,
  `parent_id` bigint DEFAULT NULL,
  `role_name` varchar(255) DEFAULT NULL,
  PRIMARY KEY (`user_id`),
  UNIQUE KEY `UKob8kqyqqgmefl0aco34akdtpe` (`email`),
  UNIQUE KEY `UK4bgmpi98dylab6qdvf9xyaxu4` (`phone_number`),
  KEY `FK4k8a1qa0wofm01aijepmu0d4g` (`parent_id`),
  KEY `FKmvtrv19ye28fr5b8lc73s1nh7` (`role_name`),
  CONSTRAINT `FK4k8a1qa0wofm01aijepmu0d4g` FOREIGN KEY (`parent_id`) REFERENCES `user` (`user_id`),
  CONSTRAINT `FKmvtrv19ye28fr5b8lc73s1nh7` FOREIGN KEY (`role_name`) REFERENCES `role` (`role_name`)
) ENGINE=InnoDB AUTO_INCREMENT=13 DEFAULT CHARSET=utf8mb4 COLLATE=utf8mb4_0900_ai_ci;

DROP TABLE IF EXISTS `user_notifications`;
CREATE TABLE `user_notifications` (
  `is_read` bit(1) DEFAULT NULL,
  `notification_id` bigint NOT NULL,
  `user_id` bigint NOT NULL,
  PRIMARY KEY (`notification_id`,`user_id`),
  KEY `FKg7ooruppg84k9uhbs2yfts1tu` (`user_id`),
  CONSTRAINT `FKg7ooruppg84k9uhbs2yfts1tu` FOREIGN KEY (`user_id`) REFERENCES `user` (`user_id`),
  CONSTRAINT `FKovvx0ab3h8s9lrm6fppuadn7d` FOREIGN KEY (`notification_id`) REFERENCES `notifications` (`notification_id`)
) ENGINE=InnoDB DEFAULT CHARSET=utf8mb4 COLLATE=utf8mb4_0900_ai_ci;

DROP TABLE IF EXISTS `user_package`;
CREATE TABLE `user_package` (
  `end_date` datetime(6) DEFAULT NULL,
  `start_date` datetime(6) DEFAULT NULL,
  `package_id` bigint NOT NULL,
  `user_id` bigint NOT NULL,
  PRIMARY KEY (`package_id`,`user_id`),
  KEY `FK8n8qhfs5eceli4n13yf6u1agp` (`user_id`),
  CONSTRAINT `FK8n8qhfs5eceli4n13yf6u1agp` FOREIGN KEY (`user_id`) REFERENCES `user` (`user_id`),
  CONSTRAINT `FKjcwapl2htr7k7l485y29cinog` FOREIGN KEY (`package_id`) REFERENCES `package` (`package_id`)
) ENGINE=InnoDB DEFAULT CHARSET=utf8mb4 COLLATE=utf8mb4_0900_ai_ci;

DROP TABLE IF EXISTS `user_test`;
CREATE TABLE `user_test` (
  `user_test_id` bigint NOT NULL AUTO_INCREMENT,
  `correct_answers` int DEFAULT NULL,
  `time_end` datetime(6) DEFAULT NULL,
  `time_start` datetime(6) DEFAULT NULL,
  `total_questions` int DEFAULT NULL,
  `package_id` bigint DEFAULT NULL,
  `test_id` bigint DEFAULT NULL,
  `user_id` bigint DEFAULT NULL,
  PRIMARY KEY (`user_test_id`),
  KEY `FKdditsxiqkj3g6g4sf6blmnjgg` (`package_id`),
  KEY `FKt0r12g1hnb4e9f0j12yn4ky7g` (`test_id`),
  KEY `FK54073ir8kqlk4cfahr56begn4` (`user_id`),
  CONSTRAINT `FK54073ir8kqlk4cfahr56begn4` FOREIGN KEY (`user_id`) REFERENCES `user` (`user_id`),
  CONSTRAINT `FKdditsxiqkj3g6g4sf6blmnjgg` FOREIGN KEY (`package_id`) REFERENCES `package` (`package_id`),
  CONSTRAINT `FKt0r12g1hnb4e9f0j12yn4ky7g` FOREIGN KEY (`test_id`) REFERENCES `test` (`test_id`)
) ENGINE=InnoDB AUTO_INCREMENT=5 DEFAULT CHARSET=utf8mb4 COLLATE=utf8mb4_0900_ai_ci;

INSERT INTO `answer_history_test` (`answer_history_id`, `answer`, `question_id`, `user_test_id`) VALUES
(5, '[\"x = 2\"]', 1, 1),
(6, '[\"x^3 = 1\"]', 3, 1),
(7, '[\"x = 2\"]', 4, 1),
(8, '[\"0x + 7 = 7\"]', 6, 1),
(9, '[\"Vợ/chồng\"]', 49, 2),
(10, '[\"Waste\"]', 60, 2),
(11, '[\"mother\"]', 50, 2),
(12, '[\"Recycling\"]', 59, 2),
(13, '[\"reduce\"]', 54, 2),
(14, '[\"Anh chị em\"]', 42, 2),
(15, '[\"reuse\"]', 57, 2),
(16, '[\"Waste\"]', 60, 2),
(17, '[\"brother\"]', 46, 2),
(18, '[\"Recycle\"]', 53, 2),
(19, '[\"Vợ/chồng\"]', 49, 2),
(20, '[\"Parents\"]', 47, 2),
(21, '[\"brother\"]', 46, 2),
(22, '[\"mother\"]', 50, 2),
(23, '[\"Bố mẹ\"]', 42, 2),
(29, '[\"x = 2\"]', 1, 3),
(30, '[]', 6, 3),
(31, '[\"x = 5\"]', 7, 3),
(32, '[\"x = -9\"]', 8, 3),
(33, '[\"x = 3\"]', 10, 3),
(34, '[\"mother\",\"father\",\"sister\",\"brother\"]', 50, 4),
(35, '[\"Uncles\"]', 47, 4),
(36, '[\"Ô nhiễm\",\"Tái chế\"]', 52, 4),
(37, '[\"Recycle\"]', 53, 4),
(38, '[\"Pollution\"]', 59, 4);
INSERT INTO `cart` (`cart_id`, `quantity`, `user_id`) VALUES
(12, 1, 7),
(13, 1, 8);
INSERT INTO `cart_package` (`id`, `price`, `cart_id`, `package_id`) VALUES
(14, 600000, 12, 5),
(15, 1000000, 13, 1);
INSERT INTO `chapter` (`chapter_id`, `created_at`, `updated_at`, `user_created`, `user_updated`, `chapter_description`, `chapter_name`, `is_hidden`, `status`, `subject_id`, `test_id`) VALUES
(1, '2025-07-17 23:30:00.000000', '2025-07-18 00:09:37.528915', 1, 5, 'Phương trình và hệ phương trình', 'Chương 1: Phương trình và Hệ phương trình', 0, 1, 1, NULL),
(2, '2025-07-17 23:30:00.000000', '2025-07-18 00:09:37.531612', 1, 5, 'Hàm số bậc nhất và bậc hai', 'Chương 2: Hàm số', 0, 1, 1, NULL),
(3, '2025-07-17 23:30:00.000000', '2025-07-18 00:09:37.533696', 1, 5, 'Khái niệm vectơ và ứng dụng', 'Chương 3: Vectơ', 0, 1, 1, NULL),
(4, '2025-07-17 23:30:00.000000', '2025-07-18 00:09:37.536326', 1, 5, 'Lượng giác cơ bản', 'Chương 4: Lượng giác', 0, 1, 1, NULL),
(5, '2025-07-17 23:30:00.000000', '2025-07-18 00:09:37.537898', 1, 5, 'Hình học phẳng và tọa độ', 'Chương 5: Hình học', 0, 1, 1, NULL),
(6, '2025-07-17 23:30:00.000000', '2025-07-18 00:18:17.564342', 1, 5, 'Hàm số lượng giác', 'Chương 1: Hàm số lượng giác', 0, 1, 2, NULL),
(7, '2025-07-17 23:30:00.000000', '2025-07-18 00:18:17.567726', 1, 5, 'Tổ hợp và xác suất', 'Chương 2: Tổ hợp và Xác suất', 0, 1, 2, NULL),
(8, '2025-07-17 23:30:00.000000', '2025-07-18 00:18:17.569359', 1, 5, 'Dãy số và giới hạn', 'Chương 3: Dãy số và Giới hạn', 0, 1, 2, NULL),
(9, '2025-07-17 23:30:00.000000', '2025-07-18 00:18:17.571519', 1, 5, 'Đạo hàm và ứng dụng', 'Chương 4: Đạo hàm', 0, 1, 2, NULL),
(10, '2025-07-17 23:30:00.000000', '2025-07-18 00:18:17.573066', 1, 5, 'Hình học không gian', 'Chương 5: Hình học không gian', 0, 1, 2, NULL),
(11, '2025-07-17 23:30:00.000000', '2025-07-18 00:09:15.262007', 1, 5, 'Gia đình và cuộc sống', 'Unit 1: Family Life', 0, 1, 3, NULL),
(12, '2025-07-17 23:30:00.000000', '2025-07-18 00:09:15.264759', 1, 5, 'Bảo vệ môi trường', 'Unit 2: Environmental Protection', 0, 1, 3, NULL),
(13, '2025-07-17 23:30:00.000000', '2025-07-18 00:09:15.267964', 1, 5, 'Âm nhạc và nghệ thuật', 'Unit 3: Music and Arts', 0, 1, 3, NULL),
(14, '2025-07-17 23:30:00.000000', '2025-07-18 00:09:15.269901', 1, 5, 'Công nghệ và xã hội', 'Unit 4: Technology and Society', 0, 1, 3, NULL),
(15, '2025-07-17 23:30:00.000000', '2025-07-18 00:09:15.272196', 1, 5, 'Du lịch và văn hóa', 'Unit 5: Travel and Culture', 0, 1, 3, NULL),
(16, '2025-07-17 23:30:00.000000', '2025-07-24 08:20:43.598127', 1, 5, 'Giáo dục và học tập', 'Unit 1: Education', 0, 0, 4, NULL),
(17, '2025-07-17 23:30:00.000000', '2025-07-24 08:20:43.626329', 1, 5, 'Lối sống lành mạnh', 'Unit 2: Healthy Lifestyle', 0, 0, 4, NULL),
(18, '2025-07-17 23:30:00.000000', '2025-07-24 08:20:43.653482', 1, 5, 'Toàn cầu hóa', 'Unit 3: Globalization', 0, 0, 4, NULL),
(19, '2025-07-17 23:30:00.000000', '2025-07-24 08:20:43.720224', 1, 5, 'Phát triển bền vững', 'Unit 4: Sustainable Development', 0, 0, 4, NULL),
(20, '2025-07-17 23:30:00.000000', '2025-07-24 08:20:43.777887', 1, 5, 'Văn hóa và truyền thống', 'Unit 5: Culture and Traditions', 0, 0, 4, NULL),
(22, '2025-07-18 00:11:50.151791', '2025-07-18 00:18:17.574664', 2, 5, 'Chương cuối', 'Chương cuối', 0, 1, 2, NULL);
INSERT INTO `communication` (`id`, `created_at`, `updated_at`, `user_created`, `user_updated`, `comment_status`, `content`, `last_activity_at`, `lesson_id`, `parent_comment_id`) VALUES
(1, '2025-07-18 00:35:44.333736', '2025-07-23 21:36:26.330323', 9, 1, 'APPROVED', 'cô giảng hay quá 10đ nhé cô!!!', '2025-07-23 21:36:26.302305', 51, NULL),
(5, '2025-07-23 21:36:26.303305', '2025-07-23 21:36:26.430846', 1, 1, 'APPROVED', 'chăm chỉ học tập em nhé', '2025-07-23 21:36:26.302305', 51, 1),
(8, '2025-07-24 09:55:56.330475', '2025-07-24 10:02:48.946659', 9, 9, 'APPROVED', 'Em thấy từ \"curriculum\" và \"syllabus\" giống nhau, phân biệt thế nào ạ?', '2025-07-24 09:59:07.842864', 76, NULL),
(12, '2025-07-24 09:59:07.843864', '2025-07-24 09:59:07.973169', 1, 1, 'APPROVED', '1. Curriculum là toàn bộ chương trình học\n\n2. Syllabus là đề cương học phần của một môn cụ thể\n. Em xem thêm ví dụ ở cuối bài để rõ hơn nhé. !', '2025-07-24 09:59:07.843865', 76, 8),
(13, '2025-07-24 10:02:09.566749', '2025-07-24 10:03:46.852956', 9, 9, 'APPROVED', 'Câu \"The homework was done\" trong ví dụ ở phần 2 là bị động đúng không ạ?', '2025-07-24 10:02:32.490488', 77, NULL),
(14, '2025-07-24 10:02:32.490488', '2025-07-24 10:02:32.680244', 1, 1, 'APPROVED', 'Đúng rồi em nhé! Cấu trúc was + V3/ed là thì quá khứ đơn bị động. Chủ ngữ \"the homework\" không tự làm mà bị người khác làm cho.', '2025-07-24 10:02:32.490488', 77, 13),
(15, '2025-07-24 10:03:25.158190', '2025-07-24 10:05:17.263345', 9, 9, 'APPROVED', 'Em đọc không hiểu đoạn nói về \"lifelong learning\" nghĩa là gì?', '2025-07-24 10:03:39.830054', 78, NULL),
(16, '2025-07-24 10:03:39.830053', '2025-07-24 10:03:39.951453', 1, 1, 'APPROVED', '\"Lifelong learning\" nghĩa là học tập suốt đời – tức là việc học không chỉ diễn ra ở trường mà còn trong suốt cuộc đời, ở mọi độ tuổi và hoàn cảnh.', '2025-07-24 10:03:39.830054', 78, 15),
(17, '2025-07-24 10:04:49.677931', '2025-07-24 10:06:19.353157', 9, 9, 'APPROVED', 'Khi nói về việc học online, em dùng cụm \"study through Internet\" có đúng không ạ?', '2025-07-24 10:05:07.954438', 79, NULL),
(18, '2025-07-24 10:05:07.954438', '2025-07-24 10:05:08.093242', 1, 1, 'APPROVED', 'Cụm đó vẫn được hiểu, nhưng tự nhiên hơn là \"study online\" hoặc \"take online classes\". Em cố gắng dùng cụm phổ biến để bài nói trôi chảy hơn nhé!', '2025-07-24 10:05:07.954438', 79, 17),
(19, '2025-07-24 10:05:55.546651', '2025-07-24 10:06:20.033018', 9, 9, 'APPROVED', 'Em nên dùng cấu trúc gì để bắt đầu đoạn mở đầu trong bài viết về giáo dục?', '2025-07-24 10:06:11.130535', 80, NULL),
(20, '2025-07-24 10:06:11.132040', '2025-07-24 10:06:11.258065', 1, 1, 'APPROVED', 'Em có thể mở đầu bằng \"Education plays a vital role in...\" hoặc \"In today\'s world, education is considered...\" để gây ấn tượng ban đầu. Cứ mạnh dạn triển khai nhé!', '2025-07-24 10:06:11.132040', 80, 19);
INSERT INTO `config` (`id`, `created_at`, `updated_at`, `user_created`, `user_updated`, `config_key`, `config_value`, `description`) VALUES
(1, NULL, NULL, NULL, NULL, 'questionPracticeGenerate', '{\r\n      \"rules\": [\r\n        {\r\n          \"correct_count_min\": 0,\r\n          \"correct_count_max\": 1,\r\n          \"levels\": {\r\n            \"Dễ\": 4,\r\n            \"Trung bình\": 1,\r\n            \"Khó\": 0\r\n          }\r\n        },\r\n        {\r\n          \"correct_count_min\": 2,\r\n          \"correct_count_max\": 3,\r\n          \"levels\": {\r\n            \"Dễ\": 2,\r\n            \"Trung bình\": 2,\r\n            \"Khó\": 1\r\n          }\r\n        },\r\n        {\r\n          \"correct_count_min\": 4,\r\n          \"correct_count_max\": 5,\r\n          \"levels\": {\r\n            \"Dễ\": 1,\r\n            \"Trung bình\": 2,\r\n            \"Khó\": 2\r\n          }\r\n        }\r\n      ]\r\n    }', 'Configuration for generating practice questions based on correct answers');
INSERT INTO `grades` (`grade_id`, `grade_name`, `is_active`) VALUES
(1, 'Khối 10', 1),
(2, 'Khối 11', 1);
INSERT INTO `invite` (`id`, `created_at`, `expires_at`, `invite_code`, `used`, `student_email`, `parent_id`) VALUES
(1, '2025-07-18 11:21:50.623616', '2025-07-19 11:21:50.623616', '8ddd49af-761b-4a67-ab63-dcfe34ebff81', 0, 'minhnbhe191060@gmail.com', 7);

INSERT INTO `lesson_progress` (`id`, `is_completed`, `updated_at`, `watched_time`, `lesson_id`, `package_id`, `subject_id`, `user_id`) VALUES
(1, 1, '2025-07-18 00:33:10.974582', 10645, 1, 1, 1, 9),
(2, 0, '2025-07-22 23:13:17.232130', 10434, 2, 1, 1, 9),
(3, 1, '2025-07-18 00:34:04.154325', 1485, 51, 1, 3, 9),
(4, 0, '2025-07-18 00:34:18.093983', 0, 52, 1, 3, 9),
(5, 0, '2025-07-23 21:40:16.316349', 4, 76, 3, 4, 9),
(6, 0, '2025-07-24 10:02:43.441535', 400, 77, 3, 4, 9),
(7, 0, '2025-07-19 22:48:18.984650', 0, 78, 3, 4, 9),
(8, 0, '2025-07-19 22:48:31.512323', 0, 80, 3, 4, 9),
(9, 0, '2025-07-19 22:48:34.624048', 0, 81, 3, 4, 9),
(10, 0, '2025-07-19 22:48:52.847863', 0, 82, 3, 4, 9),
(11, 0, '2025-07-24 10:05:48.250250', 1, 79, 3, 4, 9);
INSERT INTO `lessons` (`lesson_id`, `created_at`, `updated_at`, `user_created`, `user_updated`, `is_hidden`, `lesson_description`, `lesson_name`, `status`, `thumbnail_url`, `video_src`, `video_time`, `video_title`, `chapter_id`, `test_id`) VALUES
(1, '2025-07-17 23:30:00.000000', '2025-07-18 00:09:37.539522', 1, 5, 0, 'Phương trình bậc nhất', 'Bài 1: Phương trình bậc nhất', 1, 'https://i.ytimg.com/vi/uUQ9JxAuU_c/maxresdefault.jpg', 'https://www.youtube.com/embed/uUQ9JxAuU_c?si=NUdDueBITqsjub4h', '00:25:00', 'Phương trình bậc nhất', 1, NULL),
(2, '2025-07-17 23:30:00.000000', '2025-07-18 00:09:37.541156', 1, 5, 0, 'Hệ phương trình hai ẩn', 'Bài 2: Hệ phương trình bậc nhất', 1, 'https://i.ytimg.com/vi/uUQ9JxAuU_c/maxresdefault.jpg', 'https://www.youtube.com/embed/uUQ9JxAuU_c?si=NUdDueBITqsjub4h', '00:30:00', 'Hệ phương trình bậc nhất', 1, NULL),
(3, '2025-07-17 23:30:00.000000', '2025-07-18 00:09:37.542832', 1, 5, 0, 'Phương trình bậc hai', 'Bài 3: Phương trình bậc hai', 1, 'https://i.ytimg.com/vi/uUQ9JxAuU_c/maxresdefault.jpg', 'https://www.youtube.com/embed/uUQ9JxAuU_c?si=NUdDueBITqsjub4h', '00:25:00', 'Phương trình bậc hai', 1, NULL),
(4, '2025-07-17 23:30:00.000000', '2025-07-18 00:09:37.544639', 1, 5, 0, 'Hệ phương trình bậc hai', 'Bài 4: Hệ phương trình bậc hai', 1, 'https://i.ytimg.com/vi/uUQ9JxAuU_c/maxresdefault.jpg', 'https://www.youtube.com/embed/uUQ9JxAuU_c?si=NUdDueBITqsjub4h', '00:30:00', 'Hệ phương trình bậc hai', 1, NULL),
(5, '2025-07-17 23:30:00.000000', '2025-07-18 00:09:37.547386', 1, 5, 0, 'Ứng dụng phương trình', 'Bài 5: Ứng dụng phương trình', 1, 'https://i.ytimg.com/vi/uUQ9JxAuU_c/maxresdefault.jpg', 'https://www.youtube.com/embed/uUQ9JxAuU_c?si=NUdDueBITqsjub4h', '00:30:00', 'Ứng dụng phương trình', 1, NULL),
(6, '2025-07-17 23:30:00.000000', '2025-07-18 00:09:37.550116', 1, 5, 0, 'Khái niệm hàm số', 'Bài 1: Hàm số và đồ thị', 1, 'https://i.ytimg.com/vi/uUQ9JxAuU_c/maxresdefault.jpg', 'https://www.youtube.com/embed/uUQ9JxAuU_c?si=NUdDueBITqsjub4h', '00:25:00', 'Hàm số và đồ thị', 2, NULL),
(7, '2025-07-17 23:30:00.000000', '2025-07-18 00:09:37.551752', 1, 5, 0, 'Hàm số bậc nhất', 'Bài 2: Hàm số bậc nhất', 1, 'https://i.ytimg.com/vi/uUQ9JxAuU_c/maxresdefault.jpg', 'https://www.youtube.com/embed/uUQ9JxAuU_c?si=NUdDueBITqsjub4h', '00:30:00', 'Hàm số bậc nhất', 2, NULL),
(8, '2025-07-17 23:30:00.000000', '2025-07-18 00:09:37.554256', 1, 5, 0, 'Hàm số bậc hai', 'Bài 3: Hàm số bậc hai', 1, 'https://i.ytimg.com/vi/uUQ9JxAuU_c/maxresdefault.jpg', 'https://www.youtube.com/embed/uUQ9JxAuU_c?si=NUdDueBITqsjub4h', '00:30:00', 'Hàm số bậc hai', 2, NULL),
(9, '2025-07-17 23:30:00.000000', '2025-07-18 00:09:37.555880', 1, 5, 0, 'Tính chất hàm số', 'Bài 4: Tính chất hàm số', 1, 'https://i.ytimg.com/vi/uUQ9JxAuU_c/maxresdefault.jpg', 'https://www.youtube.com/embed/uUQ9JxAuU_c?si=NUdDueBITqsjub4h', '00:25:00', 'Tính chất hàm số', 2, NULL),
(10, '2025-07-17 23:30:00.000000', '2025-07-18 00:09:37.558117', 1, 5, 0, 'Ứng dụng hàm số', 'Bài 5: Ứng dụng hàm số', 1, 'https://i.ytimg.com/vi/uUQ9JxAuU_c/maxresdefault.jpg', 'https://www.youtube.com/embed/uUQ9JxAuU_c?si=NUdDueBITqsjub4h', '00:30:00', 'Ứng dụng hàm số', 2, NULL),
(11, '2025-07-17 23:30:00.000000', '2025-07-18 00:09:37.560291', 1, 5, 0, 'Khái niệm vectơ', 'Bài 1: Khái niệm vectơ', 1, 'https://i.ytimg.com/vi/uUQ9JxAuU_c/maxresdefault.jpg', 'https://www.youtube.com/embed/uUQ9JxAuU_c?si=NUdDueBITqsjub4h', '00:25:00', 'Khái niệm vectơ', 3, NULL),
(12, '2025-07-17 23:30:00.000000', '2025-07-18 00:09:37.561900', 1, 5, 0, 'Tổng và hiệu vectơ', 'Bài 2: Tổng và hiệu vectơ', 1, 'https://i.ytimg.com/vi/uUQ9JxAuU_c/maxresdefault.jpg', 'https://www.youtube.com/embed/uUQ9JxAuU_c?si=NUdDueBITqsjub4h', '00:30:00', 'Tổng và hiệu vectơ', 3, NULL),
(13, '2025-07-17 23:30:00.000000', '2025-07-18 00:09:37.564568', 1, 5, 0, 'Tích của vectơ với số', 'Bài 3: Tích của vectơ với số', 1, 'https://i.ytimg.com/vi/uUQ9JxAuU_c/maxresdefault.jpg', 'https://www.youtube.com/embed/uUQ9JxAuU_c?si=NUdDueBITqsjub4h', '00:25:00', 'Tích của vectơ với số', 3, NULL),
(14, '2025-07-17 23:30:00.000000', '2025-07-18 00:09:37.567440', 1, 5, 0, 'Tích vô hướng', 'Bài 4: Tích vô hướng', 1, 'https://i.ytimg.com/vi/uUQ9JxAuU_c/maxresdefault.jpg', 'https://www.youtube.com/embed/uUQ9JxAuU_c?si=NUdDueBITqsjub4h', '00:30:00', 'Tích vô hướng', 3, NULL),
(15, '2025-07-17 23:30:00.000000', '2025-07-18 00:09:37.569070', 1, 5, 0, 'Ứng dụng vectơ', 'Bài 5: Ứng dụng vectơ', 1, 'https://i.ytimg.com/vi/uUQ9JxAuU_c/maxresdefault.jpg', 'https://www.youtube.com/embed/uUQ9JxAuU_c?si=NUdDueBITqsjub4h', '00:30:00', 'Ứng dụng vectơ', 3, NULL),
(16, '2025-07-17 23:30:00.000000', '2025-07-18 00:09:37.571241', 1, 5, 0, 'Góc lượng giác', 'Bài 1: Góc lượng giác', 1, 'https://i.ytimg.com/vi/uUQ9JxAuU_c/maxresdefault.jpg', 'https://www.youtube.com/embed/uUQ9JxAuU_c?si=NUdDueBITqsjub4h', '00:25:00', 'Góc lượng giác', 4, NULL),
(17, '2025-07-17 23:30:00.000000', '2025-07-18 00:09:37.572336', 1, 5, 0, 'Công thức lượng giác', 'Bài 2: Công thức lượng giác', 1, 'https://i.ytimg.com/vi/uUQ9JxAuU_c/maxresdefault.jpg', 'https://www.youtube.com/embed/uUQ9JxAuU_c?si=NUdDueBITqsjub4h', '00:30:00', 'Công thức lượng giác', 4, NULL),
(18, '2025-07-17 23:30:00.000000', '2025-07-18 00:09:37.574344', 1, 5, 0, 'Hàm số lượng giác', 'Bài 3: Hàm số lượng giác', 1, 'https://i.ytimg.com/vi/uUQ9JxAuU_c/maxresdefault.jpg', 'https://www.youtube.com/embed/uUQ9JxAuU_c?si=NUdDueBITqsjub4h', '00:30:00', 'Hàm số lượng giác', 4, NULL),
(19, '2025-07-17 23:30:00.000000', '2025-07-18 00:09:37.575923', 1, 5, 0, 'Giải tam giác', 'Bài 4: Giải tam giác', 1, 'https://i.ytimg.com/vi/uUQ9JxAuU_c/maxresdefault.jpg', 'https://www.youtube.com/embed/uUQ9JxAuU_c?si=NUdDueBITqsjub4h', '00:25:00', 'Giải tam giác', 4, NULL),
(20, '2025-07-17 23:30:00.000000', '2025-07-18 00:09:37.577540', 1, 5, 0, 'Ứng dụng lượng giác', 'Bài 5: Ứng dụng lượng giác', 1, 'https://i.ytimg.com/vi/uUQ9JxAuU_c/maxresdefault.jpg', 'https://www.youtube.com/embed/uUQ9JxAuU_c?si=NUdDueBITqsjub4h', '00:30:00', 'Ứng dụng lượng giác', 4, NULL),
(21, '2025-07-17 23:30:00.000000', '2025-07-18 00:09:37.579696', 1, 5, 0, 'Tam giác đồng dạng', 'Bài 1: Tam giác đồng dạng', 1, 'https://i.ytimg.com/vi/uUQ9JxAuU_c/maxresdefault.jpg', 'https://www.youtube.com/embed/uUQ9JxAuU_c?si=NUdDueBITqsjub4h', '00:25:00', 'Tam giác đồng dạng', 5, NULL),
(22, '2025-07-17 23:30:00.000000', '2025-07-18 00:09:37.581895', 1, 5, 0, 'Phương pháp tọa độ', 'Bài 2: Phương pháp tọa độ', 1, 'https://i.ytimg.com/vi/uUQ9JxAuU_c/maxresdefault.jpg', 'https://www.youtube.com/embed/uUQ9JxAuU_c?si=NUdDueBITqsjub4h', '00:30:00', 'Phương pháp tọa độ', 5, NULL),
(23, '2025-07-17 23:30:00.000000', '2025-07-18 00:09:37.584103', 1, 5, 0, 'Phương trình đường thẳng', 'Bài 3: Phương trình đường thẳng', 1, 'https://i.ytimg.com/vi/uUQ9JxAuU_c/maxresdefault.jpg', 'https://www.youtube.com/embed/uUQ9JxAuU_c?si=NUdDueBITqsjub4h', '00:25:00', 'Phương trình đường thẳng', 5, NULL),
(24, '2025-07-17 23:30:00.000000', '2025-07-18 00:09:37.586310', 1, 5, 0, 'Phương trình đường tròn', 'Bài 4: Phương trình đường tròn', 1, 'https://i.ytimg.com/vi/uUQ9JxAuU_c/maxresdefault.jpg', 'https://www.youtube.com/embed/uUQ9JxAuU_c?si=NUdDueBITqsjub4h', '00:30:00', 'Phương trình đường tròn', 5, NULL),
(25, '2025-07-17 23:30:00.000000', '2025-07-18 00:09:37.587934', 1, 5, 0, 'Ứng dụng hình học', 'Bài 5: Ứng dụng hình học', 1, 'https://i.ytimg.com/vi/uUQ9JxAuU_c/maxresdefault.jpg', 'https://www.youtube.com/embed/uUQ9JxAuU_c?si=NUdDueBITqsjub4h', '00:30:00', 'Ứng dụng hình học', 5, NULL),
(26, '2025-07-17 23:30:00.000000', '2025-07-18 00:18:17.578367', 1, 5, 0, 'Hàm số sin và cos', 'Bài 1: Hàm số sin và cos', 1, 'https://i.ytimg.com/vi/uUQ9JxAuU_c/maxresdefault.jpg', 'https://www.youtube.com/embed/uUQ9JxAuU_c?si=NUdDueBITqsjub4h', '00:25:00', 'Hàm số sin và cos', 6, NULL),
(27, '2025-07-17 23:30:00.000000', '2025-07-18 00:18:17.581608', 1, 5, 0, 'Hàm số tan và cot', 'Bài 2: Hàm số tan và cot', 1, 'https://i.ytimg.com/vi/uUQ9JxAuU_c/maxresdefault.jpg', 'https://www.youtube.com/embed/uUQ9JxAuU_c?si=NUdDueBITqsjub4h', '00:30:00', 'Hàm số tan và cot', 6, NULL),
(28, '2025-07-17 23:30:00.000000', '2025-07-18 00:18:17.583826', 1, 5, 0, 'Phương trình lượng giác', 'Bài 3: Phương trình lượng giác', 1, 'https://i.ytimg.com/vi/uUQ9JxAuU_c/maxresdefault.jpg', 'https://www.youtube.com/embed/uUQ9JxAuU_c?si=NUdDueBITqsjub4h', '00:30:00', 'Phương trình lượng giác', 6, NULL),
(29, '2025-07-17 23:30:00.000000', '2025-07-18 00:18:17.586546', 1, 5, 0, 'Công thức lượng giác', 'Bài 4: Công thức lượng giác', 1, 'https://i.ytimg.com/vi/uUQ9JxAuU_c/maxresdefault.jpg', 'https://www.youtube.com/embed/uUQ9JxAuU_c?si=NUdDueBITqsjub4h', '00:25:00', 'Công thức lượng giác', 6, NULL),
(30, '2025-07-17 23:30:00.000000', '2025-07-18 00:18:17.589236', 1, 5, 0, 'Ứng dụng lượng giác', 'Bài 5: Ứng dụng lượng giác', 1, 'https://i.ytimg.com/vi/uUQ9JxAuU_c/maxresdefault.jpg', 'https://www.youtube.com/embed/uUQ9JxAuU_c?si=NUdDueBITqsjub4h', '00:30:00', 'Ứng dụng lượng giác', 6, NULL),
(31, '2025-07-17 23:30:00.000000', '2025-07-18 00:18:17.590958', 1, 5, 0, 'Tổ hợp và chỉnh hợp', 'Bài 1: Tổ hợp và chỉnh hợp', 1, 'https://i.ytimg.com/vi/uUQ9JxAuU_c/maxresdefault.jpg', 'https://www.youtube.com/embed/uUQ9JxAuU_c?si=NUdDueBITqsjub4h', '00:25:00', 'Tổ hợp và chỉnh hợp', 7, NULL),
(32, '2025-07-17 23:30:00.000000', '2025-07-18 00:18:17.593102', 1, 5, 0, 'Xác suất cơ bản', 'Bài 2: Xác suất cơ bản', 1, 'https://i.ytimg.com/vi/uUQ9JxAuU_c/maxresdefault.jpg', 'https://www.youtube.com/embed/uUQ9JxAuU_c?si=NUdDueBITqsjub4h', '00:30:00', 'Xác suất cơ bản', 7, NULL),
(33, '2025-07-17 23:30:00.000000', '2025-07-18 00:18:17.594775', 1, 5, 0, 'Quy tắc cộng và nhân', 'Bài 3: Quy tắc cộng và nhân', 1, 'https://i.ytimg.com/vi/uUQ9JxAuU_c/maxresdefault.jpg', 'https://www.youtube.com/embed/uUQ9JxAuU_c?si=NUdDueBITqsjub4h', '00:25:00', 'Quy tắc cộng và nhân', 7, NULL),
(34, '2025-07-17 23:30:00.000000', '2025-07-18 00:18:17.596898', 1, 5, 0, 'Biến cố và xác suất', 'Bài 4: Biến cố và xác suất', 1, 'https://i.ytimg.com/vi/uUQ9JxAuU_c/maxresdefault.jpg', 'https://www.youtube.com/embed/uUQ9JxAuU_c?si=NUdDueBITqsjub4h', '00:30:00', 'Biến cố và xác suất', 7, NULL),
(35, '2025-07-17 23:30:00.000000', '2025-07-18 00:18:17.599059', 1, 5, 0, 'Ứng dụng xác suất', 'Bài 5: Ứng dụng xác suất', 1, 'https://i.ytimg.com/vi/uUQ9JxAuU_c/maxresdefault.jpg', 'https://www.youtube.com/embed/uUQ9JxAuU_c?si=NUdDueBITqsjub4h', '00:30:00', 'Ứng dụng xác suất', 7, NULL),
(36, '2025-07-17 23:30:00.000000', '2025-07-18 00:18:17.600726', 1, 5, 0, 'Dãy số    ', 'Bài 1: Dãy số', 1, 'https://i.ytimg.com/vi/uUQ9JxAuU_c/maxresdefault.jpg', 'https://www.youtube.com/embed/uUQ9JxAuU_c?si=NUdDueBITqsjub4h', '00:25:00', 'Dãy số', 8, NULL),
(37, '2025-07-17 23:30:00.000000', '2025-07-18 00:18:17.602570', 1, 5, 0, 'Cấp số cộng', 'Bài 2: Cấp số cộng', 1, 'https://i.ytimg.com/vi/uUQ9JxAuU_c/maxresdefault.jpg', 'https://www.youtube.com/embed/uUQ9JxAuU_c?si=NUdDueBITqsjub4h', '00:30:00', 'Cấp số cộng', 8, NULL),
(38, '2025-07-17 23:30:00.000000', '2025-07-18 00:18:17.604904', 1, 5, 0, 'Cấp số nhân', 'Bài 3: Cấp số nhân', 1, 'https://i.ytimg.com/vi/uUQ9JxAuU_c/maxresdefault.jpg', 'https://www.youtube.com/embed/uUQ9JxAuU_c?si=NUdDueBITqsjub4h', '00:25:00', 'Cấp số nhân', 8, NULL),
(39, '2025-07-17 23:30:00.000000', '2025-07-18 00:18:17.606123', 1, 5, 0, 'Giới hạn dãy số', 'Bài 4: Giới hạn dãy số', 1, 'https://i.ytimg.com/vi/uUQ9JxAuU_c/maxresdefault.jpg', 'https://www.youtube.com/embed/uUQ9JxAuU_c?si=NUdDueBITqsjub4h', '00:30:00', 'Giới hạn dãy số', 8, NULL),
(40, '2025-07-17 23:30:00.000000', '2025-07-18 00:18:17.607772', 1, 5, 0, 'Giới hạn hàm số', 'Bài 5: Giới hạn hàm số', 1, 'https://i.ytimg.com/vi/uUQ9JxAuU_c/maxresdefault.jpg', 'https://www.youtube.com/embed/uUQ9JxAuU_c?si=NUdDueBITqsjub4h', '00:30:00', 'Giới hạn hàm số', 8, NULL),
(41, '2025-07-17 23:30:00.000000', '2025-07-18 00:18:17.608841', 1, 5, 0, 'Khái niệm đạo hàm', 'Bài 1: Khái niệm đạo hàm', 1, 'https://i.ytimg.com/vi/uUQ9JxAuU_c/maxresdefault.jpg', 'https://www.youtube.com/embed/uUQ9JxAuU_c?si=NUdDueBITqsjub4h', '00:25:00', 'Khái niệm đạo hàm', 9, NULL),
(42, '2025-07-17 23:30:00.000000', '2025-07-18 00:18:17.610508', 1, 5, 0, 'Quy tắc đạo hàm', 'Bài 2: Quy tắc đạo hàm', 1, 'https://i.ytimg.com/vi/uUQ9JxAuU_c/maxresdefault.jpg', 'https://www.youtube.com/embed/uUQ9JxAuU_c?si=NUdDueBITqsjub4h', '00:30:00', 'Quy tắc đạo hàm', 9, NULL),
(43, '2025-07-17 23:30:00.000000', '2025-07-18 00:18:17.612123', 1, 5, 0, 'Đạo hàm hàm số lượng giác', 'Bài 3: Đạo hàm hàm số lượng giác', 1, 'https://i.ytimg.com/vi/uUQ9JxAuU_c/maxresdefault.jpg', 'https://www.youtube.com/embed/uUQ9JxAuU_c?si=NUdDueBITqsjub4h', '00:30:00', 'Đạo hàm hàm số lượng giác', 9, NULL),
(44, '2025-07-17 23:30:00.000000', '2025-07-18 00:18:17.613930', 1, 5, 0, 'Ứng dụng đạo hàm', 'Bài 4: Ứng dụng đạo hàm', 1, 'https://i.ytimg.com/vi/uUQ9JxAuU_c/maxresdefault.jpg', 'https://www.youtube.com/embed/uUQ9JxAuU_c?si=NUdDueBITqsjub4h', '00:25:00', 'Ứng dụng đạo hàm', 9, NULL),
(45, '2025-07-17 23:30:00.000000', '2025-07-18 00:18:17.615547', 1, 5, 0, 'Tính đơn điệu và cực trị', 'Bài 5: Tính đơn điệu và cực trị', 1, 'https://i.ytimg.com/vi/uUQ9JxAuU_c/maxresdefault.jpg', 'https://www.youtube.com/embed/uUQ9JxAuU_c?si=NUdDueBITqsjub4h', '00:30:00', 'Tính đơn điệu và cực trị', 9, NULL),
(46, '2025-07-17 23:30:00.000000', '2025-07-18 00:18:17.617195', 1, 5, 0, 'Đường thẳng không gian', 'Bài 1: Đường thẳng không gian', 1, 'https://i.ytimg.com/vi/uUQ9JxAuU_c/maxresdefault.jpg', 'https://www.youtube.com/embed/uUQ9JxAuU_c?si=NUdDueBITqsjub4h', '00:25:00', 'Đường thẳng không gian', 10, NULL),
(47, '2025-07-17 23:30:00.000000', '2025-07-18 00:18:17.618823', 1, 5, 0, 'Mặt phẳng không gian', 'Bài 2: Mặt phẳng không gian', 1, 'https://i.ytimg.com/vi/uUQ9JxAuU_c/maxresdefault.jpg', 'https://www.youtube.com/embed/uUQ9JxAuU_c?si=NUdDueBITqsjub4h', '00:30:00', 'Mặt phẳng không gian', 10, NULL),
(48, '2025-07-17 23:30:00.000000', '2025-07-18 00:18:17.619892', 1, 5, 0, 'Quan hệ vuông góc', 'Bài 3: Quan hệ vuông góc', 1, 'https://i.ytimg.com/vi/uUQ9JxAuU_c/maxresdefault.jpg', 'https://www.youtube.com/embed/uUQ9JxAuU_c?si=NUdDueBITqsjub4h', '00:25:00', 'Quan hệ vuông góc', 10, NULL),
(49, '2025-07-17 23:30:00.000000', '2025-07-18 00:18:17.620980', 1, 5, 0, 'Phương pháp tọa độ', 'Bài 4: Phương pháp tọa độ không gian', 1, 'https://i.ytimg.com/vi/uUQ9JxAuU_c/maxresdefault.jpg', 'https://www.youtube.com/embed/uUQ9JxAuU_c?si=NUdDueBITqsjub4h', '00:30:00', 'Phương pháp tọa độ', 10, NULL),
(50, '2025-07-17 23:30:00.000000', '2025-07-18 00:18:17.622615', 1, 5, 0, 'Ứng dụng hình học không gian', 'Bài 5: Ứng dụng hình học không gian', 1, 'https://i.ytimg.com/vi/uUQ9JxAuU_c/maxresdefault.jpg', 'https://www.youtube.com/embed/uUQ9JxAuU_c?si=NUdDueBITqsjub4h', '00:30:00', 'Ứng dụng hình học không gian', 10, NULL),
(51, '2025-07-17 23:30:00.000000', '2025-07-18 00:09:15.273977', 1, 5, 0, 'Từ vựng về gia đình', 'Lesson 1: Vocabulary - Family', 1, 'https://i.ytimg.com/vi/vYmr70K3ky4/maxresdefault.jpg', 'https://www.youtube.com/embed/vYmr70K3ky4?si=839Q-lGtjTc0xkRx', '00:20:00', 'Family Vocabulary', 11, NULL),
(52, '2025-07-17 23:30:00.000000', '2025-07-18 00:09:15.275596', 1, 5, 0, 'Ngữ pháp thì hiện tại đơn', 'Lesson 2: Grammar - Present Simple', 1, 'https://i.ytimg.com/vi/vYmr70K3ky4/maxresdefault.jpg', 'https://www.youtube.com/embed/vYmr70K3ky4?si=839Q-lGtjTc0xkRx', '00:25:00', 'Present Simple', 11, NULL),
(53, '2025-07-17 23:30:00.000000', '2025-07-18 00:09:15.277730', 1, 5, 0, 'Kỹ năng nghe về gia đình', 'Lesson 3: Listening - Family', 1, 'https://i.ytimg.com/vi/vYmr70K3ky4/maxresdefault.jpg', 'https://www.youtube.com/embed/vYmr70K3ky4?si=839Q-lGtjTc0xkRx', '00:20:00', 'Listening - Family', 11, NULL),
(54, '2025-07-17 23:30:00.000000', '2025-07-18 00:09:15.280178', 1, 5, 0, 'Kỹ năng nói về gia đình', 'Lesson 4: Speaking - Family', 1, 'https://i.ytimg.com/vi/vYmr70K3ky4/maxresdefault.jpg', 'https://www.youtube.com/embed/vYmr70K3ky4?si=839Q-lGtjTc0xkRx', '00:25:00', 'Speaking - Family', 11, NULL),
(55, '2025-07-17 23:30:00.000000', '2025-07-18 00:09:15.283407', 1, 5, 0, 'Kỹ năng viết về gia đình', 'Lesson 5: Writing - Family', 1, 'https://i.ytimg.com/vi/vYmr70K3ky4/maxresdefault.jpg', 'https://www.youtube.com/embed/vYmr70K3ky4?si=839Q-lGtjTc0xkRx', '00:25:00', 'Writing - Family', 11, NULL),
(56, '2025-07-17 23:30:00.000000', '2025-07-18 00:09:15.286794', 1, 5, 0, 'Từ vựng về môi trường', 'Lesson 1: Vocabulary - Environment', 1, 'https://i.ytimg.com/vi/vYmr70K3ky4/maxresdefault.jpg', 'https://www.youtube.com/embed/vYmr70K3ky4?si=839Q-lGtjTc0xkRx', '00:20:00', 'Environment Vocabulary', 12, NULL),
(57, '2025-07-17 23:30:00.000000', '2025-07-18 00:09:15.288597', 1, 5, 0, 'Ngữ pháp câu điều kiện loại 1', 'Lesson 2: Grammar - First Conditional', 1, 'https://i.ytimg.com/vi/vYmr70K3ky4/maxresdefault.jpg', 'https://www.youtube.com/embed/vYmr70K3ky4?si=839Q-lGtjTc0xkRx', '00:25:00', 'First Conditional', 12, NULL),
(58, '2025-07-17 23:30:00.000000', '2025-07-18 00:09:15.290122', 1, 5, 0, 'Kỹ năng đọc về môi trường', 'Lesson 3: Reading - Environment', 1, 'https://i.ytimg.com/vi/vYmr70K3ky4/maxresdefault.jpg', 'https://www.youtube.com/embed/vYmr70K3ky4?si=839Q-lGtjTc0xkRx', '00:20:00', 'Reading - Environment', 12, NULL),
(59, '2025-07-17 23:30:00.000000', '2025-07-18 00:09:15.292637', 1, 5, 0, 'Kỹ năng nói về môi trường', 'Lesson 4: Speaking - Environment', 1, 'https://i.ytimg.com/vi/vYmr70K3ky4/maxresdefault.jpg', 'https://www.youtube.com/embed/vYmr70K3ky4?si=839Q-lGtjTc0xkRx', '00:25:00', 'Speaking - Environment', 12, NULL),
(60, '2025-07-17 23:30:00.000000', '2025-07-18 00:09:15.295147', 1, 5, 0, 'Kỹ năng viết về môi trường', 'Lesson 5: Writing - Environment', 1, 'https://i.ytimg.com/vi/vYmr70K3ky4/maxresdefault.jpg', 'https://www.youtube.com/embed/vYmr70K3ky4?si=839Q-lGtjTc0xkRx', '00:25:00', 'Writing - Environment', 12, NULL),
(61, '2025-07-17 23:30:00.000000', '2025-07-18 00:09:15.299370', 1, 5, 0, 'Từ vựng về âm nhạc', 'Lesson 1: Vocabulary - Music', 1, 'https://i.ytimg.com/vi/vYmr70K3ky4/maxresdefault.jpg', 'https://www.youtube.com/embed/vYmr70K3ky4?si=839Q-lGtjTc0xkRx', '00:20:00', 'Music Vocabulary', 13, NULL),
(62, '2025-07-17 23:30:00.000000', '2025-07-18 00:09:15.301894', 1, 5, 0, 'Ngữ pháp câu bị động', 'Lesson 2: Grammar - Passive Voice', 1, 'https://i.ytimg.com/vi/vYmr70K3ky4/maxresdefault.jpg', 'https://www.youtube.com/embed/vYmr70K3ky4?si=839Q-lGtjTc0xkRx', '00:25:00', 'Passive Voice', 13, NULL),
(63, '2025-07-17 23:30:00.000000', '2025-07-18 00:09:15.303898', 1, 5, 0, 'Kỹ năng nghe về âm nhạc', 'Lesson 3: Listening - Music', 1, 'https://i.ytimg.com/vi/vYmr70K3ky4/maxresdefault.jpg', 'https://www.youtube.com/embed/vYmr70K3ky4?si=839Q-lGtjTc0xkRx', '00:20:00', 'Listening - Music', 13, NULL),
(64, '2025-07-17 23:30:00.000000', '2025-07-18 00:09:15.305887', 1, 5, 0, 'Kỹ năng nói về nghệ thuật', 'Lesson 4: Speaking - Arts', 1, 'https://i.ytimg.com/vi/vYmr70K3ky4/maxresdefault.jpg', 'https://www.youtube.com/embed/vYmr70K3ky4?si=839Q-lGtjTc0xkRx', '00:25:00', 'Speaking - Arts', 13, NULL),
(65, '2025-07-17 23:30:00.000000', '2025-07-18 00:09:15.307888', 1, 5, 0, 'Kỹ năng viết về âm nhạc', 'Lesson 5: Writing - Music', 1, 'https://i.ytimg.com/vi/vYmr70K3ky4/maxresdefault.jpg', 'https://www.youtube.com/embed/vYmr70K3ky4?si=839Q-lGtjTc0xkRx', '00:25:00', 'Writing - Music', 13, NULL),
(66, '2025-07-17 23:30:00.000000', '2025-07-18 00:09:15.308889', 1, 5, 0, 'Từ vựng về công nghệ', 'Lesson 1: Vocabulary - Technology', 1, 'https://i.ytimg.com/vi/vYmr70K3ky4/maxresdefault.jpg', 'https://www.youtube.com/embed/vYmr70K3ky4?si=839Q-lGtjTc0xkRx', '00:20:00', 'Technology Vocabulary', 14, NULL),
(67, '2025-07-17 23:30:00.000000', '2025-07-18 00:09:15.311394', 1, 5, 0, 'Ngữ pháp câu gián tiếp', 'Lesson 2: Grammar - Reported Speech', 1, 'https://i.ytimg.com/vi/vYmr70K3ky4/maxresdefault.jpg', 'https://www.youtube.com/embed/vYmr70K3ky4?si=839Q-lGtjTc0xkRx', '00:25:00', 'Reported Speech', 14, NULL),
(68, '2025-07-17 23:30:00.000000', '2025-07-18 00:09:15.313984', 1, 5, 0, 'Kỹ năng đọc về công nghệ', 'Lesson 3: Reading - Technology', 1, 'https://i.ytimg.com/vi/vYmr70K3ky4/maxresdefault.jpg', 'https://www.youtube.com/embed/vYmr70K3ky4?si=839Q-lGtjTc0xkRx', '00:20:00', 'Reading - Technology', 14, NULL),
(69, '2025-07-17 23:30:00.000000', '2025-07-18 00:09:15.316863', 1, 5, 0, 'Kỹ năng nói về công nghệ', 'Lesson 4: Speaking - Technology', 1, 'https://i.ytimg.com/vi/vYmr70K3ky4/maxresdefault.jpg', 'https://www.youtube.com/embed/vYmr70K3ky4?si=839Q-lGtjTc0xkRx', '00:25:00', 'Speaking - Technology', 14, NULL),
(70, '2025-07-17 23:30:00.000000', '2025-07-18 00:09:15.318950', 1, 5, 0, 'Kỹ năng viết về công nghệ', 'Lesson 5: Writing - Technology', 1, 'https://i.ytimg.com/vi/vYmr70K3ky4/maxresdefault.jpg', 'https://www.youtube.com/embed/vYmr70K3ky4?si=839Q-lGtjTc0xkRx', '00:25:00', 'Writing - Technology', 14, NULL),
(71, '2025-07-17 23:30:00.000000', '2025-07-18 00:09:15.320565', 1, 5, 0, 'Từ vựng về du lịch', 'Lesson 1: Vocabulary - Travel', 1, 'https://i.ytimg.com/vi/vYmr70K3ky4/maxresdefault.jpg', 'https://www.youtube.com/embed/vYmr70K3ky4?si=839Q-lGtjTc0xkRx', '00:20:00', 'Travel Vocabulary', 15, NULL),
(72, '2025-07-17 23:30:00.000000', '2025-07-18 00:09:15.322753', 1, 5, 0, 'Ngữ pháp câu điều kiện loại 2', 'Lesson 2: Grammar - Second Conditional', 1, 'https://i.ytimg.com/vi/vYmr70K3ky4/maxresdefault.jpg', 'https://www.youtube.com/embed/vYmr70K3ky4?si=839Q-lGtjTc0xkRx', '00:25:00', 'Second Conditional', 15, NULL),
(73, '2025-07-17 23:30:00.000000', '2025-07-18 00:09:15.324985', 1, 5, 0, 'Kỹ năng nghe về du lịch', 'Lesson 3: Listening - Travel', 1, 'https://i.ytimg.com/vi/vYmr70K3ky4/maxresdefault.jpg', 'https://www.youtube.com/embed/vYmr70K3ky4?si=839Q-lGtjTc0xkRx', '00:20:00', 'Listening - Travel', 15, NULL),
(74, '2025-07-17 23:30:00.000000', '2025-07-18 00:09:15.327129', 1, 5, 0, 'Kỹ năng nói về văn hóa', 'Lesson 4: Speaking - Culture', 1, 'https://i.ytimg.com/vi/vYmr70K3ky4/maxresdefault.jpg', 'https://www.youtube.com/embed/vYmr70K3ky4?si=839Q-lGtjTc0xkRx', '00:25:00', 'Speaking - Culture', 15, NULL),
(75, '2025-07-17 23:30:00.000000', '2025-07-18 00:09:15.330088', 1, 5, 0, 'Kỹ năng viết về du lịch', 'Lesson 5: Writing - Travel', 1, 'https://i.ytimg.com/vi/vYmr70K3ky4/maxresdefault.jpg', 'https://www.youtube.com/embed/vYmr70K3ky4?si=839Q-lGtjTc0xkRx', '00:25:00', 'Writing - Travel', 15, NULL),
(76, '2025-07-17 23:30:00.000000', '2025-07-24 08:20:43.803535', 1, 5, 0, 'Từ vựng về giáo dục', 'Lesson 1: Vocabulary - Education', 0, 'https://i.ytimg.com/vi/vYmr70K3ky4/maxresdefault.jpg', 'https://www.youtube.com/embed/vYmr70K3ky4?si=839Q-lGtjTc0xkRx', '00:20:00', 'Education Vocabulary', 16, NULL),
(77, '2025-07-17 23:30:00.000000', '2025-07-24 08:20:43.855639', 1, 5, 0, 'Ngữ pháp câu bị động', 'Lesson 2: Grammar - Passive Voice', 0, 'https://i.ytimg.com/vi/vYmr70K3ky4/maxresdefault.jpg', 'https://www.youtube.com/embed/vYmr70K3ky4?si=839Q-lGtjTc0xkRx', '00:25:00', 'Passive Voice', 16, NULL),
(78, '2025-07-17 23:30:00.000000', '2025-07-24 08:20:43.881809', 1, 5, 0, 'Kỹ năng đọc về giáo dục', 'Lesson 3: Reading - Education', 0, 'https://i.ytimg.com/vi/vYmr70K3ky4/maxresdefault.jpg', 'https://www.youtube.com/embed/vYmr70K3ky4?si=839Q-lGtjTc0xkRx', '00:20:00', 'Reading - Education', 16, NULL),
(79, '2025-07-17 23:30:00.000000', '2025-07-24 08:20:43.908204', 1, 5, 0, 'Kỹ năng nói về học tập', 'Lesson 4: Speaking - Education', 0, 'https://i.ytimg.com/vi/vYmr70K3ky4/maxresdefault.jpg', 'https://www.youtube.com/embed/vYmr70K3ky4?si=839Q-lGtjTc0xkRx', '00:25:00', 'Speaking - Education', 16, NULL),
(80, '2025-07-17 23:30:00.000000', '2025-07-24 08:20:43.936773', 1, 5, 0, 'Kỹ năng viết về giáo dục', 'Lesson 5: Writing - Education', 0, 'https://i.ytimg.com/vi/vYmr70K3ky4/maxresdefault.jpg', 'https://www.youtube.com/embed/vYmr70K3ky4?si=839Q-lGtjTc0xkRx', '00:25:00', 'Writing - Education', 16, NULL),
(81, '2025-07-17 23:30:00.000000', '2025-07-24 08:20:43.962329', 1, 5, 0, 'Từ vựng về sức khỏe', 'Lesson 1: Vocabulary - Health', 0, 'https://i.ytimg.com/vi/vYmr70K3ky4/maxresdefault.jpg', 'https://www.youtube.com/embed/vYmr70K3ky4?si=839Q-lGtjTc0xkRx', '00:20:00', 'Health Vocabulary', 17, NULL),
(82, '2025-07-17 23:30:00.000000', '2025-07-24 08:20:43.990503', 1, 5, 0, 'Ngữ pháp câu điều kiện loại 2', 'Lesson 2: Grammar - Second Conditional', 0, 'https://i.ytimg.com/vi/vYmr70K3ky4/maxresdefault.jpg', 'https://www.youtube.com/embed/vYmr70K3ky4?si=839Q-lGtjTc0xkRx', '00:25:00', 'Second Conditional', 17, NULL),
(83, '2025-07-17 23:30:00.000000', '2025-07-24 08:20:44.016938', 1, 5, 0, 'Kỹ năng nghe về sức khỏe', 'Lesson 3: Listening - Health', 0, 'https://i.ytimg.com/vi/vYmr70K3ky4/maxresdefault.jpg', 'https://www.youtube.com/embed/vYmr70K3ky4?si=839Q-lGtjTc0xkRx', '00:20:00', 'Listening - Health', 17, NULL),
(84, '2025-07-17 23:30:00.000000', '2025-07-24 08:20:44.049111', 1, 5, 0, 'Kỹ năng nói về lối sống', 'Lesson 4: Speaking - Lifestyle', 0, 'https://i.ytimg.com/vi/vYmr70K3ky4/maxresdefault.jpg', 'https://www.youtube.com/embed/vYmr70K3ky4?si=839Q-lGtjTc0xkRx', '00:25:00', 'Speaking - Lifestyle', 17, NULL),
(85, '2025-07-17 23:30:00.000000', '2025-07-24 08:20:44.076205', 1, 5, 0, 'Kỹ năng viết về sức khỏe', 'Lesson 5: Writing - Health', 0, 'https://i.ytimg.com/vi/vYmr70K3ky4/maxresdefault.jpg', 'https://www.youtube.com/embed/vYmr70K3ky4?si=839Q-lGtjTc0xkRx', '00:25:00', 'Writing - Health', 17, NULL),
(86, '2025-07-17 23:30:00.000000', '2025-07-24 08:20:44.101835', 1, 5, 0, 'Từ vựng về toàn cầu hóa', 'Lesson 1: Vocabulary - Globalization', 0, 'https://i.ytimg.com/vi/vYmr70K3ky4/maxresdefault.jpg', 'https://www.youtube.com/embed/vYmr70K3ky4?si=839Q-lGtjTc0xkRx', '00:20:00', 'Globalization Vocabulary', 18, NULL),
(87, '2025-07-17 23:30:00.000000', '2025-07-24 08:20:44.154856', 1, 5, 0, 'Ngữ pháp câu giả định', 'Lesson 2: Grammar - Subjunctive', 0, 'https://i.ytimg.com/vi/vYmr70K3ky4/maxresdefault.jpg', 'https://www.youtube.com/embed/vYmr70K3ky4?si=839Q-lGtjTc0xkRx', '00:25:00', 'Subjunctive', 18, NULL),
(88, '2025-07-17 23:30:00.000000', '2025-07-24 08:20:44.179764', 1, 5, 0, 'Kỹ năng đọc về toàn cầu hóa', 'Lesson 3: Reading - Globalization', 0, 'https://i.ytimg.com/vi/vYmr70K3ky4/maxresdefault.jpg', 'https://www.youtube.com/embed/vYmr70K3ky4?si=839Q-lGtjTc0xkRx', '00:20:00', 'Reading - Globalization', 18, NULL),
(89, '2025-07-17 23:30:00.000000', '2025-07-24 08:20:44.241836', 1, 5, 0, 'Kỹ năng nói về toàn cầu hóa', 'Lesson 4: Speaking - Globalization', 0, 'https://i.ytimg.com/vi/vYmr70K3ky4/maxresdefault.jpg', 'https://www.youtube.com/embed/vYmr70K3ky4?si=839Q-lGtjTc0xkRx', '00:25:00', 'Speaking - Globalization', 18, NULL),
(90, '2025-07-17 23:30:00.000000', '2025-07-24 08:20:44.270908', 1, 5, 0, 'Kỹ năng viết về toàn cầu hóa', 'Lesson 5: Writing - Globalization', 0, 'https://i.ytimg.com/vi/vYmr70K3ky4/maxresdefault.jpg', 'https://www.youtube.com/embed/vYmr70K3ky4?si=839Q-lGtjTc0xkRx', '00:25:00', 'Writing - Globalization', 18, NULL),
(91, '2025-07-17 23:30:00.000000', '2025-07-24 08:20:44.336559', 1, 5, 0, 'Từ vựng về phát triển bền vững', 'Lesson 1: Vocabulary - Sustainability', 0, 'https://i.ytimg.com/vi/vYmr70K3ky4/maxresdefault.jpg', 'https://www.youtube.com/embed/vYmr70K3ky4?si=839Q-lGtjTc0xkRx', '00:20:00', 'Sustainability Vocabulary', 19, NULL),
(92, '2025-07-17 23:30:00.000000', '2025-07-24 08:20:44.362286', 1, 5, 0, 'Ngữ pháp câu so sánh', 'Lesson 2: Grammar - Comparatives', 0, 'https://i.ytimg.com/vi/vYmr70K3ky4/maxresdefault.jpg', 'https://www.youtube.com/embed/vYmr70K3ky4?si=839Q-lGtjTc0xkRx', '00:25:00', 'Comparatives', 19, NULL),
(93, '2025-07-17 23:30:00.000000', '2025-07-24 08:20:44.389186', 1, 5, 0, 'Kỹ năng đọc về phát triển bền vững', 'Lesson 3: Reading - Sustainability', 0, 'https://i.ytimg.com/vi/vYmr70K3ky4/maxresdefault.jpg', 'https://www.youtube.com/embed/vYmr70K3ky4?si=839Q-lGtjTc0xkRx', '00:20:00', 'Reading - Sustainability', 19, NULL),
(94, '2025-07-17 23:30:00.000000', '2025-07-24 08:20:44.415792', 1, 5, 0, 'Kỹ năng nói về phát triển bền vững', 'Lesson 4: Speaking - Sustainability', 0, 'https://i.ytimg.com/vi/vYmr70K3ky4/maxresdefault.jpg', 'https://www.youtube.com/embed/vYmr70K3ky4?si=839Q-lGtjTc0xkRx', '00:25:00', 'Speaking - Sustainability', 19, NULL),
(95, '2025-07-17 23:30:00.000000', '2025-07-24 08:20:44.443820', 1, 5, 0, 'Kỹ năng viết về phát triển bền vững', 'Lesson 5: Writing - Sustainability', 0, 'https://i.ytimg.com/vi/vYmr70K3ky4/maxresdefault.jpg', 'https://www.youtube.com/embed/vYmr70K3ky4?si=839Q-lGtjTc0xkRx', '00:25:00', 'Writing - Sustainability', 19, NULL),
(96, '2025-07-17 23:30:00.000000', '2025-07-24 08:20:44.474813', 1, 5, 0, 'Từ vựng về văn hóa', 'Lesson 1: Vocabulary - Culture', 0, 'https://i.ytimg.com/vi/vYmr70K3ky4/maxresdefault.jpg', 'https://www.youtube.com/embed/vYmr70K3ky4?si=839Q-lGtjTc0xkRx', '00:20:00', 'Culture Vocabulary', 20, NULL),
(97, '2025-07-17 23:30:00.000000', '2025-07-24 08:20:44.502698', 1, 5, 0, 'Ngữ pháp câu hỏi đuôi', 'Lesson 2: Grammar - Question Tags', 0, 'https://i.ytimg.com/vi/vYmr70K3ky4/maxresdefault.jpg', 'https://www.youtube.com/embed/vYmr70K3ky4?si=839Q-lGtjTc0xkRx', '00:25:00', 'Question Tags', 20, NULL),
(98, '2025-07-17 23:30:00.000000', '2025-07-24 08:20:44.528801', 1, 5, 0, 'Kỹ năng nghe về văn hóa', 'Lesson 3: Listening - Culture', 0, 'https://i.ytimg.com/vi/vYmr70K3ky4/maxresdefault.jpg', 'https://www.youtube.com/embed/vYmr70K3ky4?si=839Q-lGtjTc0xkRx', '00:20:00', 'Listening - Culture', 20, NULL),
(99, '2025-07-17 23:30:00.000000', '2025-07-24 08:20:44.555968', 1, 5, 0, 'Kỹ năng nói về truyền thống', 'Lesson 4: Speaking - Traditions', 0, 'https://i.ytimg.com/vi/vYmr70K3ky4/maxresdefault.jpg', 'https://www.youtube.com/embed/vYmr70K3ky4?si=839Q-lGtjTc0xkRx', '00:25:00', 'Speaking - Traditions', 20, NULL),
(100, '2025-07-17 23:30:00.000000', '2025-07-24 08:20:44.582549', 1, 5, 0, 'Kỹ năng viết về văn hóa', 'Lesson 5: Writing - Culture', 0, 'https://i.ytimg.com/vi/vYmr70K3ky4/maxresdefault.jpg', 'https://www.youtube.com/embed/vYmr70K3ky4?si=839Q-lGtjTc0xkRx', '24 phút 48 giây', 'Tiếng Anh lớp 10 Unit 1: Family Life - Getting started trang 8, 9 - Global success (DỄ HIỂU NHẤT)', 20, NULL),
(102, '2025-07-18 00:13:52.213970', '2025-07-18 00:18:17.623692', 2, 5, 0, 'bài học cuối cùng', 'bài cuối', 1, 'https://i.ytimg.com/vi/uUQ9JxAuU_c/maxresdefault.jpg', 'https://www.youtube.com/embed/uUQ9JxAuU_c?si=NUdDueBITqsjub4h', '2 tiếng 57 phút 26 giây', 'BÀI 1. GÓC LƯỢNG GIÁC (FULL) - TOÁN 11 - SGK MỚI | Thầy Phạm Tuấn', 22, NULL);
INSERT INTO `level_question` (`level_question_id`, `level_question_description`, `level_question_name`) VALUES
(1, 'câu hỏi dễ', 'Dễ'),
(2, 'câu hỏi Trung bình', 'Trung bình'),
(3, 'câu hỏi khó', 'Khó');
INSERT INTO `notifications` (`notification_id`, `created_at`, `updated_at`, `user_created`, `user_updated`, `content`, `link`, `target_type`, `target_value`, `thumbnail`, `title`) VALUES
(10, '2025-07-21 23:44:42.735194', '2025-07-24 11:04:04.553960', 1, 5, 'Chương trình khuyến học cho học sinh có thành tích học tập tốt ', '/packages', 'ROLE', NULL, '/img/thumbnails/50348ba6-1f3f-434b-9f7f-6bab1889f349.png', 'Chương trình hỗ trợ học tập '),
(39, '2025-07-24 09:39:45.790002', '2025-07-24 10:31:35.368109', 1, 5, 'Kết quả học tập tuần qua đã cập nhật, vui lòng kiểm tra.', '', 'ROLE', NULL, '/img/thumbnails/3f2f2b1d-e955-48fd-8deb-0e225bdee571.png', 'Hoàn thành bài tập trước 22h hôm nay'),
(40, '2025-07-24 09:40:39.163547', '2025-07-24 10:31:04.961926', 1, 5, 'Kết quả học tập tuần qua đã cập nhật, vui lòng kiểm tra.', '/results', 'ROLE', NULL, '/img/thumbnails/dc8e18a0-030a-49e5-815e-94a6a7a97b6d.png', 'Thông báo kết quả học tập tuần này'),
(41, '2025-07-24 10:19:33.639634', '2025-07-24 10:29:21.644893', 5, 5, 'Học sinh nay có thể bình luận, đặt câu hỏi ngay dưới mỗi bài học !\r\n\r\n', '/learn?subjectId=4&packageId=3', 'ROLE', NULL, '/img/thumbnails/603536ac-1e5b-4566-a8ae-6ca44875b3b4.png', 'Ra mắt tính năng thảo luận bài học'),
(42, '2025-07-24 10:34:26.261897', '2025-07-24 10:34:26.261897', 5, 5, 'Bạn còn 1 bài tập chưa làm, hãy hoàn thành trước 22h.', '', 'USER', NULL, '/img/thumbnails/7596bd57-63ff-45ec-b4a5-1e2060dd9d3e.png', 'Hoàn thành bài tập trước 22h hôm nay');
INSERT INTO `package` (`package_id`, `created_at`, `updated_at`, `user_created`, `user_updated`, `description`, `duration_days`, `image`, `is_active`, `name`, `package_type`, `price`, `status`, `grade_id`) VALUES
(1, '2025-07-18 00:29:58.262915', '2025-07-18 00:30:16.561798', 2, 5, 'Combo Học Lớp 10: Toán & Tiếng Anh – Nền Tảng Vững Chắc Cho Cấp \r\nMôn Toán – Tư duy logic & kỹ năng giải bài vững vàng\r\nMôn Tiếng Anh – Giao tiếp linh hoạt & ngữ pháp vững chắc', 180, 'd08091b5-f032-43a3-8da9-c90450f46148.jpg', 1, 'Combo học lớp 10', 'FULL_COURSE', 1000000, 'APPROVED', 1),
(2, '2025-07-18 09:38:33.961401', '2025-07-18 09:39:15.802767', 2, 5, 'Gói luyện tập lớp 10 giúp học sinh củng cố kiến thức trọng tâm các môn học lớp 10 thông qua hệ thống bài tập đa dạng, phân theo từng chuyên đề, kèm đáp án và hướng dẫn chi tiết. Phù hợp để ôn tập, rèn kỹ năng và chuẩn bị cho kiểm tra, thi cử.', 180, '35d979f4-3b92-42e7-a629-a78f66d16251.jpg', 1, 'Gói luyện tập lớp 10', 'PRACTICE_ONLY', 200000, 'APPROVED', 1),
(3, '2025-07-18 09:51:35.612856', '2025-07-18 09:51:43.869116', 2, 5, 'Combo lớp 11 ôn luyện toàn diện, bài tập theo chuyên đề, đáp án chi tiết, chuẩn bị thi cử.', 365, '58421685-32e1-4bd3-899c-7a21a13f97e0.png', 1, 'Gói combo 11', 'FULL_COURSE', 2000000, 'APPROVED', 2),
(4, '2025-07-18 09:52:45.603582', '2025-07-18 09:52:52.756334', 2, 5, 'Gói luyện tập lớp 11: Ôn tập chuyên đề, luyện bài tập trọng tâm, có đáp án, sẵn sàng thi cử.', 240, 'aa3d6e37-c05e-4616-9152-e67170244c92.png', 1, 'Gói Luyện tập lớp 11', 'PRACTICE_ONLY', 200000, 'APPROVED', 2),
(5, '2025-07-19 23:42:41.915148', '2025-07-24 15:23:56.851323', 1, 5, 'Combo ôn thi khối A00 giúp học sinh cải thiện điểm số, nắm chắc các kiến thức cơ bản và làm tốt các dạng bài nâng cao.', 90, '5e3bdb6a-5412-4e78-8724-50bc6f28c5ba.jpg', 1, 'Combo ôn thi khối A00', 'FULL_COURSE', 600000, 'APPROVED', 2);
INSERT INTO `package_subject` (`package_id`, `subject_id`) VALUES
(1, 1),
(2, 1),
(3, 2),
(4, 2),
(5, 2),
(1, 3),
(2, 3),
(3, 4),
(4, 4);
INSERT INTO `question_bank` (`question_id`, `created_at`, `updated_at`, `user_created`, `user_updated`, `active`, `content`, `image`, `options`, `reason`, `chapter_id`, `grade_id`, `lesson_id`, `level_question_id`, `question_type_id`, `status_id`, `subject_id`, `display_at_end_of_lesson`) VALUES
(1, '2025-07-18 01:00:00.000000', '2025-07-18 01:00:00.000000', 5, 5, 1, 'Giải phương trình: 3x + 6 = 12', NULL, '[{\"text\":\"x = 2\",\"correct\":true},{\"text\":\"x = 3\",\"correct\":false},{\"text\":\"x = 4\",\"correct\":false},{\"text\":\"x = 6\",\"correct\":false}]', '3x + 6 = 12 => 3x = 6 => x = 2', 1, 1, 1, 1, 1, 2, 1, NULL),
(2, '2025-07-18 01:00:00.000000', '2025-07-18 01:00:00.000000', 5, 5, 1, 'Giải phương trình: 3x + 6 = 12', NULL, '[{\"text\":\"x = 2\",\"correct\":true},{\"text\":\"x = 3\",\"correct\":false},{\"text\":\"x = 4\",\"correct\":false},{\"text\":\"x = 6\",\"correct\":false}]', '3x + 6 = 12 => 3x = 6 => x = 2', 1, 1, 1, 1, 1, 2, 1, NULL),
(3, '2025-07-18 01:00:00.000000', '2025-07-18 01:00:00.000000', 5, 5, 1, 'Phương trình nào là phương trình bậc nhất?', NULL, '[{\"text\":\"2x + 5 = 0\",\"correct\":true},{\"text\":\"x^2 + 3 = 0\",\"correct\":false},{\"text\":\"x^3 = 1\",\"correct\":false},{\"text\":\"1/x = 2\",\"correct\":false}]', 'Phương trình bậc nhất có dạng ax + b = 0.', 1, 1, 1, 1, 1, 2, 1, NULL),
(4, '2025-07-18 01:00:00.000000', '2025-07-18 01:00:00.000000', 5, 5, 1, 'Tìm nghiệm của phương trình: 4x - 8 = 0', NULL, '[{\"text\":\"x = 2\",\"correct\":true},{\"text\":\"x = -2\",\"correct\":false},{\"text\":\"x = 4\",\"correct\":false},{\"text\":\"x = 0\",\"correct\":false}]', '4x - 8 = 0 => 4x = 8 => x = 2', 1, 1, 1, 1, 1, 2, 1, NULL),
(5, '2025-07-18 01:00:00.000000', '2025-07-18 01:00:00.000000', 5, 5, 1, 'Phương trình 5x + 10 = 0 có nghiệm là:', NULL, '[{\"text\":\"x = -2\",\"correct\":true},{\"text\":\"x = 2\",\"correct\":false},{\"text\":\"x = 5\",\"correct\":false},{\"text\":\"x = -5\",\"correct\":false}]', '5x + 10 = 0 => 5x = -10 => x = -2', 1, 1, 1, 1, 1, 2, 1, NULL),
(6, '2025-07-18 01:00:00.000000', '2025-07-18 01:00:00.000000', 5, 5, 1, 'Phương trình nào không có nghiệm?', NULL, '[{\"text\":\"0x + 7 = 7\",\"correct\":true},{\"text\":\"3x + 6 = 0\",\"correct\":false},{\"text\":\"x - 2 = 0\",\"correct\":false},{\"text\":\"4x = 8\",\"correct\":false}]', '0x + 7 = 7 không có nghiệm vì hệ số x bằng 0.', 1, 1, 1, 2, 1, 2, 1, NULL),
(7, '2025-07-18 01:00:00.000000', '2025-07-18 01:00:00.000000', 5, 5, 1, 'Tìm x sao cho: 2x - 4 = 6', NULL, '[{\"text\":\"x = 5\",\"correct\":true},{\"text\":\"x = 3\",\"correct\":false},{\"text\":\"x = 1\",\"correct\":false},{\"text\":\"x = -5\",\"correct\":false}]', '2x - 4 = 6 => 2x = 10 => x = 5', 1, 1, 1, 2, 1, 2, 1, NULL),
(8, '2025-07-18 01:00:00.000000', '2025-07-18 01:00:00.000000', 5, 5, 1, 'Phương trình 3x = -9 có nghiệm:', NULL, '[{\"text\":\"x = -3\",\"correct\":true},{\"text\":\"x = 3\",\"correct\":false},{\"text\":\"x = -9\",\"correct\":false},{\"text\":\"x = 9\",\"correct\":false}]', '3x = -9 => x = -3', 1, 1, 1, 2, 1, 2, 1, NULL),
(9, '2025-07-18 01:00:00.000000', '2025-07-18 01:00:00.000000', 5, 5, 1, 'Phương trình bậc nhất có bao nhiêu nghiệm?', NULL, '[{\"text\":\"Tối đa 1 nghiệm\",\"correct\":true},{\"text\":\"Tối đa 2 nghiệm\",\"correct\":false},{\"text\":\"Vô số nghiệm\",\"correct\":false},{\"text\":\"Không có nghiệm\",\"correct\":false}]', 'Phương trình bậc nhất ax + b = 0 có tối đa 1 nghiệm.', 1, 1, 1, 3, 1, 2, 1, NULL),
(10, '2025-07-18 01:00:00.000000', '2025-07-18 01:00:00.000000', 5, 5, 1, 'Tìm nghiệm của phương trình: x/3 + 2 = 5', NULL, '[{\"text\":\"x = 9\",\"correct\":true},{\"text\":\"x = 3\",\"correct\":false},{\"text\":\"x = 6\",\"correct\":false},{\"text\":\"x = 1\",\"correct\":false}]', 'x/3 + 2 = 5 => x/3 = 3 => x = 9', 1, 1, 1, 3, 1, 2, 1, NULL),
(11, '2025-07-18 01:00:00.000000', '2025-07-18 01:00:00.000000', 5, 5, 1, 'Phương trình nào tương đương với 4x + 8 = 12?', NULL, '[{\"text\":\"x + 2 = 3\",\"correct\":true},{\"text\":\"x + 4 = 6\",\"correct\":false},{\"text\":\"2x = 6\",\"correct\":false},{\"text\":\"x = 3\",\"correct\":false}]', '4x + 8 = 12 => x + 2 = 3', 1, 1, 1, 3, 1, 2, 1, NULL),
(12, '2025-07-18 01:00:00.000000', '2025-07-18 01:00:00.000000', 5, 5, 1, 'Hàm số y = 3x + 2 là hàm số gì?', NULL, '[{\"text\":\"Hàm số bậc nhất\",\"correct\":true},{\"text\":\"Hàm số bậc hai\",\"correct\":false},{\"text\":\"Hàm số lượng giác\",\"correct\":false},{\"text\":\"Hàm số hằng\",\"correct\":false}]', 'Hàm số y = 3x + 2 có dạng ax + b, là hàm số bậc nhất.', 2, 1, 6, 1, 1, 2, 1, NULL),
(13, '2025-07-18 01:00:00.000000', '2025-07-18 01:00:00.000000', 5, 5, 1, 'Đồ thị của hàm số y = 2x + 1 là:', NULL, '[{\"text\":\"Đường thẳng\",\"correct\":true},{\"text\":\"Parabol\",\"correct\":false},{\"text\":\"Hyperbol\",\"correct\":false},{\"text\":\"Đường tròn\",\"correct\":false}]', 'Hàm số y = 2x + 1 là hàm số bậc nhất, có đồ thị là đường thẳng.', 2, 1, 6, 1, 1, 2, 1, NULL),
(14, '2025-07-18 01:00:00.000000', '2025-07-18 01:00:00.000000', 5, 5, 1, 'Tìm giá trị của hàm số y = 4x - 3 khi x = 2.', NULL, '[{\"text\":\"5\",\"correct\":true},{\"text\":\"3\",\"correct\":false},{\"text\":\"-3\",\"correct\":false},{\"text\":\"0\",\"correct\":false}]', 'y = 4(2) - 3 = 5', 2, 1, 6, 1, 1, 2, 1, NULL),
(15, '2025-07-18 01:00:00.000000', '2025-07-18 01:00:00.000000', 5, 5, 1, 'Hàm số y = -3x + 6 có hệ số góc là:', NULL, '[{\"text\":\"-3\",\"correct\":true},{\"text\":\"3\",\"correct\":false},{\"text\":\"6\",\"correct\":false},{\"text\":\"-6\",\"correct\":false}]', 'Hệ số góc là a trong y = ax + b, nên là -3.', 2, 1, 6, 1, 1, 2, 1, NULL),
(16, '2025-07-18 01:00:00.000000', '2025-07-18 01:00:00.000000', 5, 5, 1, 'Đồ thị hàm số y = x - 4 cắt trục Ox tại điểm:', NULL, '[{\"text\":\"(4, 0)\",\"correct\":true},{\"text\":\"(0, 4)\",\"correct\":false},{\"text\":\"(-4, 0)\",\"correct\":false},{\"text\":\"(0, -4)\",\"correct\":false}]', 'Tại trục Ox, y = 0 => x - 4 = 0 => x = 4.', 2, 1, 6, 2, 1, 2, 1, NULL),
(17, '2025-07-18 01:00:00.000000', '2025-07-18 01:00:00.000000', 5, 5, 1, 'Tìm tung độ giao điểm của y = 3x + 2 với trục Oy.', NULL, '[{\"text\":\"2\",\"correct\":true},{\"text\":\"3\",\"correct\":false},{\"text\":\"0\",\"correct\":false},{\"text\":\"-2\",\"correct\":false}]', 'Tại trục Oy, x = 0 => y = 3(0) + 2 = 2.', 2, 1, 6, 2, 1, 2, 1, NULL),
(18, '2025-07-18 01:00:00.000000', '2025-07-18 01:00:00.000000', 5, 5, 1, 'Hàm số y = 5x - 8 có đồ thị song song với hàm số nào?', NULL, '[{\"text\":\"y = 5x + 1\",\"correct\":true},{\"text\":\"y = 2x - 8\",\"correct\":false},{\"text\":\"y = -5x + 1\",\"correct\":false},{\"text\":\"y = x + 5\",\"correct\":false}]', 'Hai đường thẳng song song có cùng hệ số góc, nên y = 5x + 1.', 2, 1, 6, 2, 1, 2, 1, NULL),
(19, '2025-07-18 01:00:00.000000', '2025-07-18 01:00:00.000000', 5, 5, 1, 'Hàm số nào có đồ thị đi qua gốc tọa độ?', NULL, '[{\"text\":\"y = 3x\",\"correct\":true},{\"text\":\"y = 3x + 1\",\"correct\":false},{\"text\":\"y = x - 2\",\"correct\":false},{\"text\":\"y = 4\",\"correct\":false}]', 'Đồ thị đi qua gốc tọa độ khi y = 0 tại x = 0, nên y = 3x.', 2, 1, 6, 3, 1, 2, 1, NULL),
(20, '2025-07-18 01:00:00.000000', '2025-07-18 01:00:00.000000', 5, 5, 1, 'Tìm x sao cho y = 2x + 3 = 9.', NULL, '[{\"text\":\"x = 3\",\"correct\":true},{\"text\":\"x = 2\",\"correct\":false},{\"text\":\"x = 4\",\"correct\":false},{\"text\":\"x = 1\",\"correct\":false}]', '2x + 3 = 9 => 2x = 6 => x = 3.', 2, 1, 6, 3, 1, 2, 1, NULL),
(21, '2025-07-18 01:00:00.000000', '2025-07-18 01:00:00.000000', 5, 5, 1, 'Hàm số y = -2x + 5 có tính chất gì?', NULL, '[{\"text\":\"Nghịch biến\",\"correct\":true},{\"text\":\"Đồng biến\",\"correct\":false},{\"text\":\"Hằng số\",\"correct\":false},{\"text\":\"Không xác định\",\"correct\":false}]', 'Hệ số góc -2 < 0, nên hàm số nghịch biến.', 2, 1, 6, 3, 1, 2, 1, NULL),
(22, '2025-07-18 01:00:00.000000', '2025-07-18 01:00:00.000000', 5, 5, 1, 'Hàm số y = sin(x) có chu kỳ là:', NULL, '[{\"text\":\"2π\",\"correct\":true},{\"text\":\"π\",\"correct\":false},{\"text\":\"π/2\",\"correct\":false},{\"text\":\"4π\",\"correct\":false}]', 'Hàm số sin(x) có chu kỳ là 2π.', 6, 2, 26, 1, 1, 2, 2, NULL),
(23, '2025-07-18 01:00:00.000000', '2025-07-18 01:00:00.000000', 5, 5, 1, 'Giá trị lớn nhất của y = cos(x) là:', NULL, '[{\"text\":\"1\",\"correct\":true},{\"text\":\"-1\",\"correct\":false},{\"text\":\"0\",\"correct\":false},{\"text\":\"2\",\"correct\":false}]', 'Hàm cos(x) có giá trị từ -1 đến 1.', 6, 2, 26, 1, 1, 2, 2, NULL),
(24, '2025-07-18 01:00:00.000000', '2025-07-18 01:00:00.000000', 5, 5, 1, 'Hàm số y = sin(x) + 2 có giá trị nhỏ nhất là:', NULL, '[{\"text\":\"1\",\"correct\":true},{\"text\":\"0\",\"correct\":false},{\"text\":\"-1\",\"correct\":false},{\"text\":\"2\",\"correct\":false}]', 'sin(x) ∈ [-1, 1], nên sin(x) + 2 ∈ [1, 3].', 6, 2, 26, 1, 1, 2, 2, NULL),
(25, '2025-07-18 01:00:00.000000', '2025-07-18 01:00:00.000000', 5, 5, 1, 'Đồ thị của y = cos(x) đối xứng qua:', NULL, '[{\"text\":\"Trục Oy\",\"correct\":true},{\"text\":\"Trục Ox\",\"correct\":false},{\"text\":\"Gốc tọa độ\",\"correct\":false},{\"text\":\"Đường y = x\",\"correct\":false}]', 'cos(x) là hàm chẵn, đối xứng qua trục Oy.', 6, 2, 26, 2, 1, 2, 2, NULL),
(26, '2025-07-18 01:00:00.000000', '2025-07-18 01:00:00.000000', 5, 5, 1, 'Tìm giá trị của sin(π/2).', NULL, '[{\"text\":\"1\",\"correct\":true},{\"text\":\"0\",\"correct\":false},{\"text\":\"-1\",\"correct\":false},{\"text\":\"1/2\",\"correct\":false}]', 'sin(π/2) = 1 theo vòng tròn lượng giác.', 6, 2, 26, 2, 1, 2, 2, NULL),
(27, '2025-07-18 01:00:00.000000', '2025-07-18 01:00:00.000000', 5, 5, 1, 'Hàm số y = 3sin(x) có biên độ là:', NULL, '[{\"text\":\"3\",\"correct\":true},{\"text\":\"1\",\"correct\":false},{\"text\":\"0\",\"correct\":false},{\"text\":\"-3\",\"correct\":false}]', 'Biên độ của hàm a*sin(x) là |a| = 3.', 6, 2, 26, 2, 1, 2, 2, NULL),
(28, '2025-07-18 01:00:00.000000', '2025-07-18 01:00:00.000000', 5, 5, 1, 'Hàm số y = cos(x) có bao nhiêu điểm cực trị trong [0, 2π]?', NULL, '[{\"text\":\"4\",\"correct\":true},{\"text\":\"2\",\"correct\":false},{\"text\":\"3\",\"correct\":false},{\"text\":\"5\",\"correct\":false}]', 'cos(x) đạt cực đại tại x = 0, 2π và cực tiểu tại x = π.', 6, 2, 26, 3, 1, 2, 2, NULL),
(29, '2025-07-18 01:00:00.000000', '2025-07-18 01:00:00.000000', 5, 5, 1, 'Tìm giá trị của cos(π).', NULL, '[{\"text\":\"-1\",\"correct\":true},{\"text\":\"1\",\"correct\":false},{\"text\":\"0\",\"correct\":false},{\"text\":\"1/2\",\"correct\":false}]', 'cos(π) = -1 theo vòng tròn lượng giác.', 6, 2, 26, 3, 1, 2, 2, NULL),
(30, '2025-07-18 01:00:00.000000', '2025-07-18 01:00:00.000000', 5, 5, 1, 'Hàm số y = sin(x) - cos(x) có chu kỳ là:', NULL, '[{\"text\":\"2π\",\"correct\":true},{\"text\":\"π\",\"correct\":false},{\"text\":\"π/2\",\"correct\":false},{\"text\":\"4π\",\"correct\":false}]', 'Cả sin(x) và cos(x) có chu kỳ 2π, nên hàm tổng cũng có chu kỳ 2π.', 6, 2, 26, 3, 1, 2, 2, NULL),
(31, '2025-07-18 01:00:00.000000', '2025-07-18 01:00:00.000000', 5, 5, 1, 'Hàm số nào có đồ thị tuần hoàn?', NULL, '[{\"text\":\"y = sin(x)\",\"correct\":true},{\"text\":\"y = x^2\",\"correct\":false},{\"text\":\"y = 2x + 1\",\"correct\":false},{\"text\":\"y = x^3\",\"correct\":false}]', 'sin(x) là hàm số tuần hoàn.', 6, 2, 26, 3, 1, 2, 2, NULL),
(32, '2025-07-18 01:00:00.000000', '2025-07-18 01:00:00.000000', 5, 5, 1, 'Tổ hợp chập 2 của 5 phần tử là:', NULL, '[{\"text\":\"10\",\"correct\":true},{\"text\":\"5\",\"correct\":false},{\"text\":\"15\",\"correct\":false},{\"text\":\"20\",\"correct\":false}]', 'C(5,2) = 5!/(2!(5-2)!) = 10', 7, 2, 31, 1, 1, 2, 2, NULL),
(33, '2025-07-18 01:00:00.000000', '2025-07-18 01:00:00.000000', 5, 5, 1, 'Chỉnh hợp chập 2 của 4 phần tử là:', NULL, '[{\"text\":\"12\",\"correct\":true},{\"text\":\"8\",\"correct\":false},{\"text\":\"6\",\"correct\":false},{\"text\":\"24\",\"correct\":false}]', 'A(4,2) = 4!/(4-2)! = 12', 7, 2, 31, 1, 1, 2, 2, NULL),
(34, '2025-07-18 01:00:00.000000', '2025-07-18 01:00:00.000000', 5, 5, 1, 'Số cách chọn 3 học sinh từ 6 học sinh là:', NULL, '[{\"text\":\"20\",\"correct\":true},{\"text\":\"15\",\"correct\":false},{\"text\":\"10\",\"correct\":false},{\"text\":\"30\",\"correct\":false}]', 'C(6,3) = 6!/(3!(6-3)!) = 20', 7, 2, 31, 1, 1, 2, 2, NULL),
(35, '2025-07-18 01:00:00.000000', '2025-07-18 01:00:00.000000', 5, 5, 1, 'Số cách sắp xếp 3 người vào 3 ghế là:', NULL, '[{\"text\":\"6\",\"correct\":true},{\"text\":\"3\",\"correct\":false},{\"text\":\"9\",\"correct\":false},{\"text\":\"12\",\"correct\":false}]', 'A(3,3) = 3! = 6', 7, 2, 31, 1, 1, 2, 2, NULL),
(36, '2025-07-18 01:00:00.000000', '2025-07-18 01:00:00.000000', 5, 5, 1, 'Tổ hợp chập 3 của 5 phần tử là:', NULL, '[{\"text\":\"10\",\"correct\":true},{\"text\":\"5\",\"correct\":false},{\"text\":\"15\",\"correct\":false},{\"text\":\"20\",\"correct\":false}]', 'C(5,3) = 5!/(3!(5-3)!) = 10', 7, 2, 31, 2, 1, 2, 2, NULL),
(37, '2025-07-18 01:00:00.000000', '2025-07-18 01:00:00.000000', 5, 5, 1, 'Số cách chọn 2 quả bóng từ 5 quả là:', NULL, '[{\"text\":\"10\",\"correct\":true},{\"text\":\"5\",\"correct\":false},{\"text\":\"15\",\"correct\":false},{\"text\":\"20\",\"correct\":false}]', 'C(5,2) = 5!/(2!(5-2)!) = 10', 7, 2, 31, 2, 1, 2, 2, NULL),
(38, '2025-07-18 01:00:00.000000', '2025-07-18 01:00:00.000000', 5, 5, 1, 'Số cách sắp xếp 4 người vào 2 ghế là:', NULL, '[{\"text\":\"12\",\"correct\":true},{\"text\":\"8\",\"correct\":false},{\"text\":\"6\",\"correct\":false},{\"text\":\"24\",\"correct\":false}]', 'A(4,2) = 4!/(4-2)! = 12', 7, 2, 31, 2, 1, 2, 2, NULL),
(39, '2025-07-18 01:00:00.000000', '2025-07-18 01:00:00.000000', 5, 5, 1, 'Số tổ hợp chập 4 của 6 phần tử là:', NULL, '[{\"text\":\"15\",\"correct\":true},{\"text\":\"10\",\"correct\":false},{\"text\":\"20\",\"correct\":false},{\"text\":\"30\",\"correct\":false}]', 'C(6,4) = 6!/(4!(6-4)!) = 15', 7, 2, 31, 3, 1, 2, 2, NULL),
(40, '2025-07-18 01:00:00.000000', '2025-07-18 01:00:00.000000', 5, 5, 1, 'Số cách chọn 2 học sinh từ 7 học sinh là:', NULL, '[{\"text\":\"21\",\"correct\":true},{\"text\":\"14\",\"correct\":false},{\"text\":\"7\",\"correct\":false},{\"text\":\"28\",\"correct\":false}]', 'C(7,2) = 7!/(2!(7-2)!) = 21', 7, 2, 31, 3, 1, 2, 2, NULL),
(41, '2025-07-18 01:00:00.000000', '2025-07-18 01:00:00.000000', 5, 5, 1, 'Số cách sắp xếp 5 người vào 3 ghế là:', NULL, '[{\"text\":\"60\",\"correct\":true},{\"text\":\"30\",\"correct\":false},{\"text\":\"15\",\"correct\":false},{\"text\":\"120\",\"correct\":false}]', 'A(5,3) = 5!/(5-3)! = 60', 7, 2, 31, 3, 1, 2, 2, NULL),
(42, '2025-07-18 01:00:00.000000', '2025-07-18 01:00:00.000000', 5, 5, 1, 'Từ \"sibling\" có nghĩa là:', NULL, '[{\"text\":\"Anh chị em\",\"correct\":true},{\"text\":\"Bố mẹ\",\"correct\":false},{\"text\":\"Cô dì chú bác\",\"correct\":false},{\"text\":\"Ông bà\",\"correct\":false}]', '\"Sibling\" nghĩa là anh chị em ruột.', 11, 1, 51, 1, 1, 2, 3, NULL),
(43, '2025-07-18 01:00:00.000000', '2025-07-18 01:00:00.000000', 5, 5, 1, 'Chọn từ đúng để điền vào câu: \"She is my ____ sister.\"', NULL, '[{\"text\":\"elder\",\"correct\":true},{\"text\":\"older\",\"correct\":false},{\"text\":\"eldest\",\"correct\":false},{\"text\":\"oldest\",\"correct\":false}]', '\"Elder\" được dùng để chỉ chị lớn hơn.', 11, 1, 51, 1, 1, 2, 3, NULL),
(44, '2025-07-18 01:00:00.000000', '2025-07-18 01:00:00.000000', 5, 5, 1, 'Từ nào có nghĩa là \"ông bà\"?', NULL, '[{\"text\":\"Grandparents\",\"correct\":true},{\"text\":\"Parents\",\"correct\":false},{\"text\":\"Cousins\",\"correct\":false},{\"text\":\"Siblings\",\"correct\":false}]', '\"Grandparents\" nghĩa là ông bà.', 11, 1, 51, 1, 1, 2, 3, NULL),
(45, '2025-07-18 01:00:00.000000', '2025-07-18 01:00:00.000000', 5, 5, 1, 'Từ \"niece\" chỉ:', NULL, '[{\"text\":\"Cháu gái\",\"correct\":true},{\"text\":\"Cháu trai\",\"correct\":false},{\"text\":\"Con gái\",\"correct\":false},{\"text\":\"Con trai\",\"correct\":false}]', '\"Niece\" là cháu gái.', 11, 1, 51, 1, 1, 2, 3, NULL),
(46, '2025-07-18 01:00:00.000000', '2025-07-18 01:00:00.000000', 5, 5, 1, 'Điền từ: \"My ____ is a doctor.\"', NULL, '[{\"text\":\"brother\",\"correct\":true},{\"text\":\"sister\",\"correct\":true},{\"text\":\"father\",\"correct\":true},{\"text\":\"aunt\",\"correct\":true}]', 'Tất cả đều là thành viên gia đình, nên đều đúng.', 11, 1, 51, 2, 1, 2, 3, NULL),
(47, '2025-07-18 01:00:00.000000', '2025-07-18 01:00:00.000000', 5, 5, 1, 'Từ nào có nghĩa là \"bố mẹ\"?', NULL, '[{\"text\":\"Parents\",\"correct\":true},{\"text\":\"Cousins\",\"correct\":false},{\"text\":\"Uncles\",\"correct\":false},{\"text\":\"Aunts\",\"correct\":false}]', '\"Parents\" nghĩa là bố mẹ.', 11, 1, 51, 2, 1, 2, 3, NULL),
(48, '2025-07-18 01:00:00.000000', '2025-07-18 01:00:00.000000', 5, 5, 1, 'Chọn từ đúng: \"He is my ____.\" (chỉ người anh em họ)', NULL, '[{\"text\":\"cousin\",\"correct\":true},{\"text\":\"brother\",\"correct\":false},{\"text\":\"father\",\"correct\":false},{\"text\":\"uncle\",\"correct\":false}]', '\"Cousin\" là anh em họ.', 11, 1, 51, 2, 1, 2, 3, NULL),
(49, '2025-07-18 01:00:00.000000', '2025-07-18 01:00:00.000000', 5, 5, 1, 'Từ \"spouse\" có nghĩa là:', NULL, '[{\"text\":\"Vợ/chồng\",\"correct\":true},{\"text\":\"Con\",\"correct\":false},{\"text\":\"Bố mẹ\",\"correct\":false},{\"text\":\"Anh chị em\",\"correct\":false}]', '\"Spouse\" nghĩa là vợ hoặc chồng.', 11, 1, 51, 3, 1, 2, 3, NULL),
(50, '2025-07-18 01:00:00.000000', '2025-07-18 01:00:00.000000', 5, 5, 1, 'Điền từ: \"My ____ lives with my grandparents.\"', NULL, '[{\"text\":\"mother\",\"correct\":true},{\"text\":\"father\",\"correct\":true},{\"text\":\"sister\",\"correct\":true},{\"text\":\"brother\",\"correct\":true}]', 'Tất cả đều phù hợp với ngữ cảnh.', 11, 1, 51, 3, 1, 2, 3, NULL),
(51, '2025-07-18 01:00:00.000000', '2025-07-18 01:00:00.000000', 5, 5, 1, 'Từ nào chỉ \"cháu trai\"?', NULL, '[{\"text\":\"Nephew\",\"correct\":true},{\"text\":\"Niece\",\"correct\":false},{\"text\":\"Son\",\"correct\":false},{\"text\":\"Daughter\",\"correct\":false}]', '\"Nephew\" là cháu trai.', 11, 1, 51, 3, 1, 2, 3, NULL),
(52, '2025-07-18 01:00:00.000000', '2025-07-18 01:00:00.000000', 5, 5, 1, 'Từ \"pollution\" có nghĩa là:', NULL, '[{\"text\":\"Ô nhiễm\",\"correct\":true},{\"text\":\"Bảo vệ\",\"correct\":false},{\"text\":\"Tái chế\",\"correct\":false},{\"text\":\"Môi trường\",\"correct\":false}]', '\"Pollution\" nghĩa là ô nhiễm.', 12, 1, 56, 1, 1, 2, 3, NULL),
(53, '2025-07-18 01:00:00.000000', '2025-07-18 01:00:00.000000', 5, 5, 1, 'Từ nào có nghĩa là \"tái chế\"?', NULL, '[{\"text\":\"Recycle\",\"correct\":true},{\"text\":\"Reduce\",\"correct\":false},{\"text\":\"Reuse\",\"correct\":false},{\"text\":\"Pollute\",\"correct\":false}]', '\"Recycle\" là tái chế.', 12, 1, 56, 1, 1, 2, 3, NULL),
(54, '2025-07-18 01:00:00.000000', '2025-07-18 01:00:00.000000', 5, 5, 1, 'Chọn từ đúng: \"We need to ____ waste.\"', NULL, '[{\"text\":\"reduce\",\"correct\":true},{\"text\":\"increase\",\"correct\":false},{\"text\":\"pollute\",\"correct\":false},{\"text\":\"destroy\",\"correct\":false}]', '\"Reduce\" nghĩa là giảm thiểu.', 12, 1, 56, 1, 1, 2, 3, NULL),
(55, '2025-07-18 01:00:00.000000', '2025-07-18 01:00:00.000000', 5, 5, 1, 'Từ \"environment\" có nghĩa là:', NULL, '[{\"text\":\"Môi trường\",\"correct\":true},{\"text\":\"Ô nhiễm\",\"correct\":false},{\"text\":\"Tái chế\",\"correct\":false},{\"text\":\"Rác thải\",\"correct\":false}]', '\"Environment\" là môi trường.', 12, 1, 56, 1, 1, 2, 3, NULL),
(56, '2025-07-18 01:00:00.000000', '2025-07-18 01:00:00.000000', 5, 5, 1, 'Từ nào có nghĩa là \"bảo vệ\"?', NULL, '[{\"text\":\"Protect\",\"correct\":true},{\"text\":\"Pollute\",\"correct\":false},{\"text\":\"Recycle\",\"correct\":false},{\"text\":\"Reduce\",\"correct\":false}]', '\"Protect\" là bảo vệ.', 12, 1, 56, 2, 1, 2, 3, NULL),
(57, '2025-07-18 01:00:00.000000', '2025-07-18 01:00:00.000000', 5, 5, 1, 'Điền từ: \"We should ____ plastic bags.\"', NULL, '[{\"text\":\"reuse\",\"correct\":true},{\"text\":\"pollute\",\"correct\":false},{\"text\":\"discard\",\"correct\":false},{\"text\":\"burn\",\"correct\":false}]', '\"Reuse\" nghĩa là tái sử dụng.', 12, 1, 56, 2, 1, 2, 3, NULL),
(58, '2025-07-18 01:00:00.000000', '2025-07-18 01:00:00.000000', 5, 5, 1, 'Từ \"deforestation\" có nghĩa là:', NULL, '[{\"text\":\"Phá rừng\",\"correct\":true},{\"text\":\"Trồng rừng\",\"correct\":false},{\"text\":\"Tái chế\",\"correct\":false},{\"text\":\"Ô nhiễm\",\"correct\":false}]', '\"Deforestation\" là phá rừng.', 12, 1, 56, 2, 1, 2, 3, NULL),
(59, '2025-07-18 01:00:00.000000', '2025-07-18 01:00:00.000000', 5, 5, 1, 'Chọn từ: \"____ is harmful to the environment.\"', NULL, '[{\"text\":\"Pollution\",\"correct\":true},{\"text\":\"Recycling\",\"correct\":false},{\"text\":\"Protection\",\"correct\":false},{\"text\":\"Reuse\",\"correct\":false}]', '\"Pollution\" là ô nhiễm, có hại cho môi trường.', 12, 1, 56, 3, 1, 2, 3, NULL),
(60, '2025-07-18 01:00:00.000000', '2025-07-18 01:00:00.000000', 5, 5, 1, 'Từ nào có nghĩa là \"rác thải\"?', NULL, '[{\"text\":\"Waste\",\"correct\":true},{\"text\":\"Environment\",\"correct\":false},{\"text\":\"Pollution\",\"correct\":false},{\"text\":\"Recycle\",\"correct\":false}]', '\"Waste\" là rác thải.', 12, 1, 56, 3, 1, 2, 3, NULL),
(61, '2025-07-18 01:00:00.000000', '2025-07-18 01:00:00.000000', 5, 5, 1, 'Điền từ: \"We need to ____ our planet.\"', NULL, '[{\"text\":\"protect\",\"correct\":true},{\"text\":\"pollute\",\"correct\":false},{\"text\":\"destroy\",\"correct\":false},{\"text\":\"waste\",\"correct\":false}]', '\"Protect\" là bảo vệ hành tinh.', 12, 1, 56, 3, 1, 2, 3, NULL),
(62, '2025-07-18 01:00:00.000000', '2025-07-18 01:00:00.000000', 5, 5, 1, 'Từ \"curriculum\" có nghĩa là:', NULL, '[{\"text\":\"Chương trình học\",\"correct\":true},{\"text\":\"Giáo viên\",\"correct\":false},{\"text\":\"Học sinh\",\"correct\":false},{\"text\":\"Trường học\",\"correct\":false}]', '\"Curriculum\" là chương trình học.', 16, 2, 76, 1, 1, 2, 4, NULL),
(63, '2025-07-18 01:00:00.000000', '2025-07-18 01:00:00.000000', 5, 5, 1, 'Từ nào có nghĩa là \"giáo viên\"?', NULL, '[{\"text\":\"Teacher\",\"correct\":true},{\"text\":\"Student\",\"correct\":false},{\"text\":\"Principal\",\"correct\":false},{\"text\":\"Classmate\",\"correct\":false}]', '\"Teacher\" là giáo viên.', 16, 2, 76, 1, 1, 2, 4, NULL),
(64, '2025-07-18 01:00:00.000000', '2025-07-18 01:00:00.000000', 5, 5, 1, 'Chọn từ đúng: \"She is my ____.\" (chỉ bạn cùng lớp)', NULL, '[{\"text\":\"classmate\",\"correct\":true},{\"text\":\"teacher\",\"correct\":false},{\"text\":\"principal\",\"correct\":false},{\"text\":\"tutor\",\"correct\":false}]', '\"Classmate\" là bạn cùng lớp.', 16, 2, 76, 1, 1, 2, 4, NULL),
(65, '2025-07-18 01:00:00.000000', '2025-07-18 01:00:00.000000', 5, 5, 1, 'Từ \"assignment\" có nghĩa là:', NULL, '[{\"text\":\"Bài tập\",\"correct\":true},{\"text\":\"Kỳ thi\",\"correct\":false},{\"text\":\"Lớp học\",\"correct\":false},{\"text\":\"Sách giáo khoa\",\"correct\":false}]', '\"Assignment\" là bài tập.', 16, 2, 76, 1, 1, 2, 4, NULL),
(66, '2025-07-18 01:00:00.000000', '2025-07-18 01:00:00.000000', 5, 5, 1, 'Từ nào có nghĩa là \"học sinh\"?', NULL, '[{\"text\":\"Student\",\"correct\":true},{\"text\":\"Teacher\",\"correct\":false},{\"text\":\"Professor\",\"correct\":false},{\"text\":\"Parent\",\"correct\":false}]', '\"Student\" là học sinh.', 16, 2, 76, 2, 1, 2, 4, NULL),
(67, '2025-07-18 01:00:00.000000', '2025-07-18 01:00:00.000000', 5, 5, 1, 'Từ \"exam\" là viết tắt của:', NULL, '[{\"text\":\"Examination\",\"correct\":true},{\"text\":\"Example\",\"correct\":false},{\"text\":\"Exercise\",\"correct\":false},{\"text\":\"Experiment\",\"correct\":false}]', '\"Exam\" là viết tắt của examination.', 16, 2, 76, 2, 1, 2, 4, NULL),
(68, '2025-07-18 01:00:00.000000', '2025-07-18 01:00:00.000000', 5, 5, 1, 'Điền từ: \"I have an ____ tomorrow.\"', NULL, '[{\"text\":\"exam\",\"correct\":true},{\"text\":\"class\",\"correct\":false},{\"text\":\"homework\",\"correct\":false},{\"text\":\"book\",\"correct\":false}]', '\"Exam\" là kỳ thi.', 16, 2, 76, 2, 1, 2, 4, NULL),
(69, '2025-07-18 01:00:00.000000', '2025-07-18 01:00:00.000000', 5, 5, 1, 'Từ \"grade\" có nghĩa là:', NULL, '[{\"text\":\"Điểm số\",\"correct\":true},{\"text\":\"Lớp học\",\"correct\":false},{\"text\":\"Giáo viên\",\"correct\":false},{\"text\":\"Trường học\",\"correct\":false}]', '\"Grade\" là điểm số.', 16, 2, 76, 3, 1, 2, 4, NULL),
(70, '2025-07-18 01:00:00.000000', '2025-07-18 01:00:00.000000', 5, 5, 1, 'Từ nào có nghĩa là \"hiệu trưởng\"?', NULL, '[{\"text\":\"Principal\",\"correct\":true},{\"text\":\"Teacher\",\"correct\":false},{\"text\":\"Student\",\"correct\":false},{\"text\":\"Tutor\",\"correct\":false}]', '\"Principal\" là hiệu trưởng.', 16, 2, 76, 3, 1, 2, 4, NULL),
(71, '2025-07-18 01:00:00.000000', '2025-07-18 01:00:00.000000', 5, 5, 1, 'Chọn từ: \"The ____ designs the curriculum.\"', NULL, '[{\"text\":\"principal\",\"correct\":true},{\"text\":\"student\",\"correct\":false},{\"text\":\"parent\",\"correct\":false},{\"text\":\"classmate\",\"correct\":false}]', 'Hiệu trưởng thường tham gia thiết kế chương trình học.', 16, 2, 76, 3, 1, 2, 4, NULL),
(72, '2025-07-18 01:00:00.000000', '2025-07-18 01:00:00.000000', 5, 5, 1, 'Từ \"exercise\" có nghĩa là:', NULL, '[{\"text\":\"Tập thể dục\",\"correct\":true},{\"text\":\"Ăn uống\",\"correct\":false},{\"text\":\"Ngủ\",\"correct\":false},{\"text\":\"Học tập\",\"correct\":false}]', '\"Exercise\" nghĩa là tập thể dục.', 17, 2, 81, 1, 1, 2, 4, NULL),
(73, '2025-07-18 01:00:00.000000', '2025-07-18 01:00:00.000000', 5, 5, 1, 'Từ nào có nghĩa là \"dinh dưỡng\"?', NULL, '[{\"text\":\"Nutrition\",\"correct\":true},{\"text\":\"Exercise\",\"correct\":false},{\"text\":\"Health\",\"correct\":false},{\"text\":\"Diet\",\"correct\":true}]', '\"Nutrition\" và \"Diet\" đều liên quan đến dinh dưỡng.', 17, 2, 81, 1, 1, 2, 4, NULL),
(74, '2025-07-18 01:00:00.000000', '2025-07-18 01:00:00.000000', 5, 5, 1, 'Chọn từ đúng: \"We need to ____ healthy.\"', NULL, '[{\"text\":\"stay\",\"correct\":true},{\"text\":\"go\",\"correct\":false},{\"text\":\"run\",\"correct\":false},{\"text\":\"eat\",\"correct\":false}]', '\"Stay healthy\" là giữ sức khỏe.', 17, 2, 81, 1, 1, 2, 4, NULL),
(75, '2025-07-18 01:00:00.000000', '2025-07-18 01:00:00.000000', 5, 5, 1, 'Từ \"stress\" có nghĩa là:', NULL, '[{\"text\":\"Căng thẳng\",\"correct\":true},{\"text\":\"Hạnh phúc\",\"correct\":false},{\"text\":\"Sức khỏe\",\"correct\":false},{\"text\":\"Năng lượng\",\"correct\":false}]', '\"Stress\" là căng thẳng.', 17, 2, 81, 1, 1, 2, 4, NULL),
(76, '2025-07-18 01:00:00.000000', '2025-07-18 01:00:00.000000', 5, 5, 1, 'Điền từ: \"She follows a balanced ____.\"', NULL, '[{\"text\":\"diet\",\"correct\":true},{\"text\":\"exercise\",\"correct\":false},{\"text\":\"stress\",\"correct\":false},{\"text\":\"health\",\"correct\":false}]', '\"Diet\" là chế độ ăn uống.', 17, 2, 81, 2, 1, 2, 4, NULL),
(77, '2025-07-18 01:00:00.000000', '2025-07-18 01:00:00.000000', 5, 5, 1, 'Từ nào có nghĩa là \"sức khỏe\"?', NULL, '[{\"text\":\"Health\",\"correct\":true},{\"text\":\"Nutrition\",\"correct\":false},{\"text\":\"Exercise\",\"correct\":false},{\"text\":\"Stress\",\"correct\":false}]', '\"Health\" là sức khỏe.', 17, 2, 81, 2, 1, 2, 4, NULL),
(78, '2025-07-18 01:00:00.000000', '2025-07-18 01:00:00.000000', 5, 5, 1, 'Chọn từ: \"____ is important for health.\"', NULL, '[{\"text\":\"Exercise\",\"correct\":true},{\"text\":\"Stress\",\"correct\":false},{\"text\":\"Pollution\",\"correct\":false},{\"text\":\"Disease\",\"correct\":false}]', '\"Exercise\" là tập thể dục, quan trọng cho sức khỏe.', 17, 2, 81, 2, 1, 2, 4, NULL),
(79, '2025-07-18 01:00:00.000000', '2025-07-18 01:00:00.000000', 5, 5, 1, 'Từ \"disease\" có nghĩa là:', NULL, '[{\"text\":\"Bệnh tật\",\"correct\":true},{\"text\":\"Sức khỏe\",\"correct\":false},{\"text\":\"Tập thể dục\",\"correct\":false},{\"text\":\"Dinh dưỡng\",\"correct\":false}]', '\"Disease\" là bệnh tật.', 17, 2, 81, 3, 1, 2, 4, NULL),
(80, '2025-07-18 01:00:00.000000', '2025-07-18 01:00:00.000000', 5, 5, 1, 'Điền từ: \"He avoids ____ to stay healthy.\"', NULL, '[{\"text\":\"stress\",\"correct\":true},{\"text\":\"exercise\",\"correct\":false},{\"text\":\"nutrition\",\"correct\":false},{\"text\":\"health\",\"correct\":false}]', '\"Stress\" là căng thẳng, cần tránh để giữ sức khỏe.', 17, 2, 81, 3, 1, 2, 4, NULL),
(81, '2025-07-18 01:00:00.000000', '2025-07-18 01:00:00.000000', 5, 5, 1, 'Từ nào có nghĩa là \"ngủ đủ giấc\"?', NULL, '[{\"text\":\"Sleep well\",\"correct\":true},{\"text\":\"Eat well\",\"correct\":false},{\"text\":\"Exercise more\",\"correct\":false},{\"text\":\"Stay stressed\",\"correct\":false}]', '\"Sleep well\" là ngủ đủ giấc.', 17, 2, 81, 3, 1, 2, 4, NULL),
(82, '2025-07-24 05:15:30.060143', '2025-07-24 15:26:33.153366', 2, 2, 0, 'Hàm số ( y = f(x) ) được gọi là đồng biến trên khoảng ( K ) nếu:', NULL, '[{\"text\":\"$$ ( \\\\forall x_1, x_2 \\\\in K, x_1 < x_2 \\\\Rightarrow f(x_1) > f(x_2)$$\",\"correct\":false},{\"text\":\"$$( \\\\forall x_1, x_2 \\\\in K, x_1 < x_2 \\\\Rightarrow f(x_1) < f(x_2) )$$\",\"correct\":true},{\"text\":\"$$( \\\\forall x_1, x_2 \\\\in K, x_1 < x_2 \\\\Rightarrow f(x_1) = f(x_2) )$$\",\"correct\":false}]', NULL, 1, 1, 1, 1, 1, 1, 1, NULL);
INSERT INTO `question_status` (`status_id`, `description`, `status_name`) VALUES
(1, 'Câu hỏi đang chờ phê duyệt', 'Pending'),
(2, 'Câu hỏi đã được chấp nhận', 'Accepted'),
(3, 'Câu hỏi đã bị từ chối', 'Rejected');
INSERT INTO `question_test` (`question_test_id`, `question_id`, `test_id`) VALUES
(5, 1, 1),
(6, 3, 1),
(7, 4, 1),
(8, 6, 1),
(9, 49, 2),
(10, 60, 2),
(11, 50, 2),
(12, 59, 2),
(13, 54, 2),
(14, 42, 2),
(15, 57, 2),
(16, 60, 2),
(17, 46, 2),
(18, 53, 2),
(19, 49, 2),
(20, 47, 2),
(21, 46, 2),
(22, 50, 2),
(23, 42, 2),
(29, 1, 3),
(30, 6, 3),
(31, 7, 3),
(32, 8, 3),
(33, 10, 3),
(34, 50, 4),
(35, 47, 4),
(36, 52, 4),
(37, 53, 4),
(38, 59, 4);
INSERT INTO `question_type` (`question_type_id`, `question_type_description`, `question_type_name`) VALUES
(1, 'câu hỏi trắc nghiệm', 'Câu hỏi Trắc Nghiệm');
INSERT INTO `review` (`review_id`, `created_at`, `updated_at`, `user_created`, `user_updated`, `comment`, `rating`, `status`, `useful_count`, `package_id`, `subject_id`, `user_id`) VALUES
(1, '2025-07-18 00:34:33.930263', '2025-07-18 00:34:40.037415', 9, 5, 'gói học siêu oke', 5, 'APPROVED', 0, 1, NULL, 9),
(2, '2025-07-24 10:07:59.803389', '2025-07-24 10:08:43.089629', 9, 1, 'Gói học rất chất lượng. Điểm số của em đã cải thiện nhanh chóng.', 4, 'APPROVED', 0, 3, NULL, 9),
(3, '2025-07-24 10:11:12.333269', '2025-07-24 10:12:07.301463', 10, 1, 'Rất chất lượng. Em đã nắm vững kiến thức cơ bản, và làm tốt các bài nâng cao.', 5, 'PENDING', 0, 1, NULL, 10);
INSERT INTO `role` (`role_name`, `role_description`) VALUES
('ADMIN', 'QUẢN TRỊ VIÊN'),
('CONTENT_MANAGER', 'NGƯỜI QUẢN LÝ NỘI DUNG'),
('PARENT', 'PHỤ HUYNH'),
('STAFF', 'NHÂN VIÊN'),
('STUDENT', 'HỌC SINH');
INSERT INTO `SPRING_SESSION` (`PRIMARY_ID`, `SESSION_ID`, `CREATION_TIME`, `LAST_ACCESS_TIME`, `MAX_INACTIVE_INTERVAL`, `EXPIRY_TIME`, `PRINCIPAL_NAME`) VALUES
('03ca22ce-8153-4593-a45f-f612b69392ff', '8cb6c6b8-607e-4b57-8626-02afae81671e', 1752772461407, 1752796743029, 2592000, 1755388743029, 'content1@gmail.com'),
('11330913-7456-4ac4-9863-301259e9243b', '22673f3c-9362-4972-a048-f04b56bc1149', 1752837655976, 1752839430483, 2592000, 1755431430483, 'admin@gmail.com'),
('182f845a-471b-4ce7-9974-fdd423c085d6', 'da1f1247-659d-477e-ae44-4e20e16094a8', 1752804134100, 1752806768104, 2592000, 1755398768104, 'content1@gmail.com'),
('1bf2e876-fb40-4ca0-a4ff-b7df6da06309', '2765b14f-3919-464a-869b-8297a6333bd0', 1752804073278, 1752808153305, 2592000, 1755400153305, 'student1@gmail.com'),
('2385ab54-03f6-45d3-900a-e1475fca3677', '9c01f908-6a7a-4c53-8436-7d35067661c4', 1753324289475, 1753326381044, 2592000, 1755918381044, 'student1@gmail.com'),
('27dca102-de07-4e66-9a6a-825fab718077', '86e026ee-3771-486b-8e6d-d6a89f8cc0e4', 1753171523621, 1753171554789, 2592000, 1755763554789, 'admin@gmail.com'),
('2f04efb8-a339-4362-b909-a880db99d01b', 'fe48e9f3-e139-4661-a402-7b2b697b851e', 1753320067535, 1753320106963, 2592000, 1755912106963, 'staff1@gmail.com'),
('339363b5-f20b-403b-9154-e1409d86e6d5', '6342ea8d-4d82-44fd-aa20-2b6f5cab98ba', 1752806673818, 1752807308098, 2592000, 1755399308098, 'parent1@gmail.com'),
('35f2fe8c-f0df-41c6-8223-6cfc1ad4f180', '7e54b2a9-9e9c-4fe7-a360-dcfa2d864999', 1752808516522, 1752812734504, 2592000, 1755404734504, 'content1@gmail.com'),
('3b2b3023-3eb2-43c1-afa1-05873f5d3c3c', 'b588f824-97bb-4272-8dfc-0826d7113768', 1753273199997, 1753273761048, 2592000, 1755865761048, 'content1@gmail.com'),
('4ba65b2f-e60d-4791-88cc-c1ad31ecb6b8', '74ff7e4c-47c4-4292-843d-5befddd9d14c', 1753160569710, 1753160804463, 2592000, 1755752804463, 'student1@gmail.com'),
('507d6069-5630-47d4-87de-fb81f54c9d72', 'e626954d-3e73-4964-8300-73e36859b889', 1753326491883, 1753331910694, 2592000, 1755923910694, 'admin@gmail.com'),
('774214be-046b-4abf-b1c7-638f0bf9e5f4', 'a5182eb3-388d-4c5e-a7ea-6b87c0ead8c9', 1752804010206, 1752806570981, 2592000, 1755398570981, 'staff1@gmail.com'),
('8aa35323-8c07-4486-91e6-5b34070c23a4', '1615ca43-8e84-4c5c-b335-9f9643f35bed', 1753326490994, 1753326548810, 2592000, 1755918548810, 'admin@gmail.com'),
('923c3298-0230-4017-989a-a1936a3cedbf', 'f9c4fadc-7186-4e1f-9f6a-d33b29a13c0b', 1752806870251, 1752807176334, 2592000, 1755399176334, 'staff1@gmail.com'),
('957ff565-9912-4c0b-8772-a5f82ae1dc49', '86b32163-3ca9-40aa-b7fd-5e661ac1acca', 1753345943413, 1753345944814, 1800, 1753347744814, NULL),
('96080ad1-73b8-4205-a025-fb6e85253fd4', '032c9a24-1454-41ae-878a-2808ea5b2022', 1752986446461, 1752993071178, 2592000, 1755585071178, 'parent1@gmail.com'),
('99038a54-f365-4362-824b-245537e609e7', 'ae4ff61d-9c61-4726-b229-11ba72bd68d3', 1753110806909, 1753110892567, 2592000, 1755702892567, 'content1@gmail.com'),
('a12bb2fa-83e4-483a-ab0f-79829b2b526b', '54cf3e08-0482-4666-98c2-5e2dcfb6a801', 1753320017144, 1753320057246, 2592000, 1755912057246, 'content1@gmail.com'),
('a13f001e-f887-4047-aa86-719cf59259d4', '3231dc05-02a2-46e4-a8c3-4e9c52c19361', 1752806800098, 1752808157460, 2592000, 1755400157460, 'content1@gmail.com'),
('a26a3455-4d93-4d79-bdbb-990166ee6faa', 'f41cdcbf-6098-4397-9c2c-5ae5927b3f5e', 1753170530396, 1753170670613, 2592000, 1755762670613, 'admin@gmail.com'),
('bc5adbca-b559-4a61-903a-e1f2e4e1f612', '40cb6acc-89b6-42c8-9571-86ceebd1a91e', 1753150848621, 1753151611554, 2592000, 1755743611554, 'student1@gmail.com'),
('bfaae54d-254e-49c9-9cbb-6fc00bc8c13d', '0b38a68a-05e7-43ca-842b-ea7584cc4c33', 1753281520710, 1753281784022, 2592000, 1755873784022, 'student1@gmail.com'),
('c2009922-f781-42f1-a8ad-cb0502741bb2', 'fa980bec-ace3-46e6-be04-495db12c8f14', 1752836980336, 1752836999929, 2592000, 1755428999929, 'student2@gmail.com'),
('c4b4dc94-7e6a-4034-8f7c-a14b5c6b2d6a', '35b40fb0-ed3d-4ef5-b9da-e8f08a2901ea', 1753181430658, 1753181985165, 2592000, 1755773985165, 'content1@gmail.com'),
('cd09f513-cf20-4b1f-aba3-728aaef5d804', '2bd352fd-bd9e-4ef5-8ac5-88ab81d2f8e4', 1753326546698, 1753327931874, 2592000, 1755919931874, 'student2@gmail.com'),
('d248d69f-dbdb-4d40-a0eb-4a8c91a3bfb1', '44dd6fc3-6d29-4c24-8c0e-803c84cf6169', 1752773522492, 1752773754011, 2592000, 1755365754011, 'student1@gmail.com'),
('d46cc5c6-6997-43d8-939e-c9f56da7fc04', 'f476276f-1005-4378-9b2b-db4f765a3bb8', 1752832514149, 1752832534559, 2592000, 1755424534559, 'parent1@gmail.com'),
('d824e1ed-ae77-44c5-8d52-49dd463fe78e', '4faf9c88-a57b-45bc-aed3-a5b586258cf7', 1752938298794, 1752939348237, 2592000, 1755531348237, 'admin@gmail.com'),
('e1bac271-fd9e-4961-977a-715bf887b728', '18cd9621-2287-461b-a247-a629eb12cc52', 1753345348753, 1753345632308, 2592000, 1755937632308, 'content1@gmail.com'),
('e4e3a0ee-02ab-40a2-a5ff-e1584bfe7e42', '45a2e9b9-275a-4ba2-8512-0e48923aab7a', 1753326986928, 1753328160866, 2592000, 1755920160866, 'content1@gmail.com'),
('f1910eeb-19ad-4566-8515-a6b0889a2f03', 'ad55e62a-2d09-4206-86dc-fdf287c78799', 1753110286291, 1753116688069, 2592000, 1755708688069, 'admin@gmail.com'),
('f5666f04-f354-4e04-8ff5-7ad971a5eb80', '7b80c334-f52a-4aed-856a-e2e08bcdd86f', 1753172225257, 1753180473841, 2592000, 1755772473841, 'admin@gmail.com'),
('fb0c0636-c259-4727-9d72-4a5276a37f7d', '3bf18300-7c08-4a45-a22a-87369644236d', 1753343543295, 1753344946961, 2592000, 1755936946961, 'admin@gmail.com');
INSERT INTO `SPRING_SESSION_ATTRIBUTES` (`SESSION_PRIMARY_ID`, `ATTRIBUTE_NAME`, `ATTRIBUTE_BYTES`) VALUES
('03ca22ce-8153-4593-a45f-f612b69392ff', 'avatar', X'ACED0005740000'),
('03ca22ce-8153-4593-a45f-f612b69392ff', 'dob', X'ACED00057372000D6A6176612E74696D652E536572955D84BA1B2248B20C00007870770703000007E9011078'),
('03ca22ce-8153-4593-a45f-f612b69392ff', 'email', X'ACED0005740012636F6E74656E743140676D61696C2E636F6D'),
('03ca22ce-8153-4593-a45f-f612b69392ff', 'fullName', X'ACED00057400175155E1BAA24E204CC3BD206EE1BB99692064756E672031'),
('03ca22ce-8153-4593-a45f-f612b69392ff', 'id', X'ACED00057372000E6A6176612E6C616E672E4C6F6E673B8BE490CC8F23DF0200014A000576616C7565787200106A6176612E6C616E672E4E756D62657286AC951D0B94E08B02000078700000000000000005'),
('03ca22ce-8153-4593-a45f-f612b69392ff', 'jakarta.servlet.jsp.jstl.fmt.request.charset', X'ACED00057400055554462D38'),
('03ca22ce-8153-4593-a45f-f612b69392ff', 'role', X'ACED000574000F434F4E54454E545F4D414E41474552'),
('03ca22ce-8153-4593-a45f-f612b69392ff', 'SPRING_SECURITY_CONTEXT', X'ACED00057372003D6F72672E737072696E676672616D65776F726B2E73656375726974792E636F72652E636F6E746578742E5365637572697479436F6E74657874496D706C000000000000026C0200014C000E61757468656E7469636174696F6E7400324C6F72672F737072696E676672616D65776F726B2F73656375726974792F636F72652F41757468656E7469636174696F6E3B78707372004F6F72672E737072696E676672616D65776F726B2E73656375726974792E61757468656E7469636174696F6E2E557365726E616D6550617373776F726441757468656E7469636174696F6E546F6B656E000000000000026C0200024C000B63726564656E7469616C737400124C6A6176612F6C616E672F4F626A6563743B4C00097072696E636970616C71007E0004787200476F72672E737072696E676672616D65776F726B2E73656375726974792E61757468656E7469636174696F6E2E416273747261637441757468656E7469636174696F6E546F6B656ED3AA287E6E47640E0200035A000D61757468656E746963617465644C000B617574686F7269746965737400164C6A6176612F7574696C2F436F6C6C656374696F6E3B4C000764657461696C7371007E0004787001737200266A6176612E7574696C2E436F6C6C656374696F6E7324556E6D6F6469666961626C654C697374FC0F2531B5EC8E100200014C00046C6973747400104C6A6176612F7574696C2F4C6973743B7872002C6A6176612E7574696C2E436F6C6C656374696F6E7324556E6D6F6469666961626C65436F6C6C656374696F6E19420080CB5EF71E0200014C00016371007E00067870737200136A6176612E7574696C2E41727261794C6973747881D21D99C7619D03000149000473697A65787000000001770400000001737200426F72672E737072696E676672616D65776F726B2E73656375726974792E636F72652E617574686F726974792E53696D706C654772616E746564417574686F72697479000000000000026C0200014C0004726F6C657400124C6A6176612F6C616E672F537472696E673B7870740014524F4C455F434F4E54454E545F4D414E414745527871007E000D737200486F72672E737072696E676672616D65776F726B2E73656375726974792E7765622E61757468656E7469636174696F6E2E57656241757468656E7469636174696F6E44657461696C73000000000000026C0200024C000D72656D6F74654164647265737371007E000F4C000973657373696F6E496471007E000F787074000F303A303A303A303A303A303A303A3174002438373436376639642D376531612D346365342D613066332D616261373333656566383732707372002A7377702E7365313934316A762E706C732E736572766963652E437573746F6D5573657244657461696C7390D0AE44B0B793110200014C00067573657249647400104C6A6176612F6C616E672F4C6F6E673B787200326F72672E737072696E676672616D65776F726B2E73656375726974792E636F72652E7573657264657461696C732E55736572000000000000026C0200075A00116163636F756E744E6F6E457870697265645A00106163636F756E744E6F6E4C6F636B65645A001563726564656E7469616C734E6F6E457870697265645A0007656E61626C65644C000B617574686F72697469657374000F4C6A6176612F7574696C2F5365743B4C000870617373776F726471007E000F4C0008757365726E616D6571007E000F787001010101737200256A6176612E7574696C2E436F6C6C656374696F6E7324556E6D6F6469666961626C65536574801D92D18F9B80550200007871007E000A737200116A6176612E7574696C2E54726565536574DD98509395ED875B0300007870737200466F72672E737072696E676672616D65776F726B2E73656375726974792E636F72652E7573657264657461696C732E5573657224417574686F72697479436F6D70617261746F72000000000000026C020000787077040000000171007E00107870740012636F6E74656E743140676D61696C2E636F6D7372000E6A6176612E6C616E672E4C6F6E673B8BE490CC8F23DF0200014A000576616C7565787200106A6176612E6C616E672E4E756D62657286AC951D0B94E08B02000078700000000000000005'),
('11330913-7456-4ac4-9863-301259e9243b', 'dob', X'ACED00057372000D6A6176612E74696D652E536572955D84BA1B2248B20C00007870770703000007D4030878'),
('11330913-7456-4ac4-9863-301259e9243b', 'email', X'ACED000574000F61646D696E40676D61696C2E636F6D'),
('11330913-7456-4ac4-9863-301259e9243b', 'fullName', X'ACED000574000561646D696E'),
('11330913-7456-4ac4-9863-301259e9243b', 'id', X'ACED00057372000E6A6176612E6C616E672E4C6F6E673B8BE490CC8F23DF0200014A000576616C7565787200106A6176612E6C616E672E4E756D62657286AC951D0B94E08B02000078700000000000000001'),
('11330913-7456-4ac4-9863-301259e9243b', 'jakarta.servlet.jsp.jstl.fmt.request.charset', X'ACED00057400055554462D38'),
('11330913-7456-4ac4-9863-301259e9243b', 'role', X'ACED000574000541444D494E'),
('11330913-7456-4ac4-9863-301259e9243b', 'SPRING_SECURITY_CONTEXT', X'ACED00057372003D6F72672E737072696E676672616D65776F726B2E73656375726974792E636F72652E636F6E746578742E5365637572697479436F6E74657874496D706C000000000000026C0200014C000E61757468656E7469636174696F6E7400324C6F72672F737072696E676672616D65776F726B2F73656375726974792F636F72652F41757468656E7469636174696F6E3B78707372004F6F72672E737072696E676672616D65776F726B2E73656375726974792E61757468656E7469636174696F6E2E557365726E616D6550617373776F726441757468656E7469636174696F6E546F6B656E000000000000026C0200024C000B63726564656E7469616C737400124C6A6176612F6C616E672F4F626A6563743B4C00097072696E636970616C71007E0004787200476F72672E737072696E676672616D65776F726B2E73656375726974792E61757468656E7469636174696F6E2E416273747261637441757468656E7469636174696F6E546F6B656ED3AA287E6E47640E0200035A000D61757468656E746963617465644C000B617574686F7269746965737400164C6A6176612F7574696C2F436F6C6C656374696F6E3B4C000764657461696C7371007E0004787001737200266A6176612E7574696C2E436F6C6C656374696F6E7324556E6D6F6469666961626C654C697374FC0F2531B5EC8E100200014C00046C6973747400104C6A6176612F7574696C2F4C6973743B7872002C6A6176612E7574696C2E436F6C6C656374696F6E7324556E6D6F6469666961626C65436F6C6C656374696F6E19420080CB5EF71E0200014C00016371007E00067870737200136A6176612E7574696C2E41727261794C6973747881D21D99C7619D03000149000473697A65787000000001770400000001737200426F72672E737072696E676672616D65776F726B2E73656375726974792E636F72652E617574686F726974792E53696D706C654772616E746564417574686F72697479000000000000026C0200014C0004726F6C657400124C6A6176612F6C616E672F537472696E673B787074000A524F4C455F41444D494E7871007E000D737200486F72672E737072696E676672616D65776F726B2E73656375726974792E7765622E61757468656E7469636174696F6E2E57656241757468656E7469636174696F6E44657461696C73000000000000026C0200024C000D72656D6F74654164647265737371007E000F4C000973657373696F6E496471007E000F787074000F303A303A303A303A303A303A303A3174002430386661346662342D616333362D343330382D396335332D646138353237613233363466707372002A7377702E7365313934316A762E706C732E736572766963652E437573746F6D5573657244657461696C7390D0AE44B0B793110200014C00067573657249647400104C6A6176612F6C616E672F4C6F6E673B787200326F72672E737072696E676672616D65776F726B2E73656375726974792E636F72652E7573657264657461696C732E55736572000000000000026C0200075A00116163636F756E744E6F6E457870697265645A00106163636F756E744E6F6E4C6F636B65645A001563726564656E7469616C734E6F6E457870697265645A0007656E61626C65644C000B617574686F72697469657374000F4C6A6176612F7574696C2F5365743B4C000870617373776F726471007E000F4C0008757365726E616D6571007E000F787001010101737200256A6176612E7574696C2E436F6C6C656374696F6E7324556E6D6F6469666961626C65536574801D92D18F9B80550200007871007E000A737200116A6176612E7574696C2E54726565536574DD98509395ED875B0300007870737200466F72672E737072696E676672616D65776F726B2E73656375726974792E636F72652E7573657264657461696C732E5573657224417574686F72697479436F6D70617261746F72000000000000026C020000787077040000000171007E0010787074000F61646D696E40676D61696C2E636F6D7372000E6A6176612E6C616E672E4C6F6E673B8BE490CC8F23DF0200014A000576616C7565787200106A6176612E6C616E672E4E756D62657286AC951D0B94E08B02000078700000000000000001'),
('11330913-7456-4ac4-9863-301259e9243b', 'SPRING_SECURITY_SAVED_REQUEST', X'ACED0005737200416F72672E737072696E676672616D65776F726B2E73656375726974792E7765622E7361766564726571756573742E44656661756C74536176656452657175657374000000000000026C02000F49000A736572766572506F72744C000B636F6E74657874506174687400124C6A6176612F6C616E672F537472696E673B4C0007636F6F6B6965737400154C6A6176612F7574696C2F41727261794C6973743B4C00076865616465727374000F4C6A6176612F7574696C2F4D61703B4C00076C6F63616C657371007E00024C001C6D61746368696E6752657175657374506172616D657465724E616D6571007E00014C00066D6574686F6471007E00014C000A706172616D657465727371007E00034C000870617468496E666F71007E00014C000B7175657279537472696E6771007E00014C000A7265717565737455524971007E00014C000A7265717565737455524C71007E00014C0006736368656D6571007E00014C000A7365727665724E616D6571007E00014C000B736572766C65745061746871007E00017870000015B3740000737200136A6176612E7574696C2E41727261794C6973747881D21D99C7619D03000149000473697A6578700000000077040000000078737200116A6176612E7574696C2E547265654D61700CC1F63E2D256AE60300014C000A636F6D70617261746F727400164C6A6176612F7574696C2F436F6D70617261746F723B78707372002A6A6176612E6C616E672E537472696E672443617365496E73656E736974697665436F6D70617261746F7277035C7D5C50E5CE020000787077040000000E7400066163636570747371007E000600000001770400000001740087746578742F68746D6C2C6170706C69636174696F6E2F7868746D6C2B786D6C2C6170706C69636174696F6E2F786D6C3B713D302E392C696D6167652F617669662C696D6167652F776562702C696D6167652F61706E672C2A2F2A3B713D302E382C6170706C69636174696F6E2F7369676E65642D65786368616E67653B763D62333B713D302E377874000F6163636570742D656E636F64696E677371007E000600000001770400000001740017677A69702C206465666C6174652C2062722C207A7374647874000F6163636570742D6C616E67756167657371007E00060000000177040000000174000276697874000A636F6E6E656374696F6E7371007E00060000000177040000000174000A6B6565702D616C69766578740004686F73747371007E00060000000177040000000174000E6C6F63616C686F73743A35353535787400097365632D63682D75617371007E000600000001770400000001740040224E6F7429413B4272616E64223B763D2238222C20224368726F6D69756D223B763D22313338222C2022476F6F676C65204368726F6D65223B763D2231333822787400107365632D63682D75612D6D6F62696C657371007E0006000000017704000000017400023F30787400127365632D63682D75612D706C6174666F726D7371007E0006000000017704000000017400092257696E646F7773227874000E7365632D66657463682D646573747371007E000600000001770400000001740008646F63756D656E747874000E7365632D66657463682D6D6F64657371007E0006000000017704000000017400086E617669676174657874000E7365632D66657463682D736974657371007E0006000000017704000000017400046E6F6E657874000E7365632D66657463682D757365727371007E0006000000017704000000017400023F3178740019757067726164652D696E7365637572652D72657175657374737371007E000600000001770400000001740001317874000A757365722D6167656E747371007E00060000000177040000000174006F4D6F7A696C6C612F352E30202857696E646F7773204E542031302E303B2057696E36343B2078363429204170706C655765624B69742F3533372E333620284B48544D4C2C206C696B65204765636B6F29204368726F6D652F3133382E302E302E30205361666172692F3533372E333678787371007E000600000001770400000001737200106A6176612E7574696C2E4C6F63616C657EF811609C30F9EC03000649000868617368636F64654C0007636F756E74727971007E00014C000A657874656E73696F6E7371007E00014C00086C616E677561676571007E00014C000673637269707471007E00014C000776617269616E7471007E00017870FFFFFFFF71007E000571007E0005740002766971007E000571007E00057878740008636F6E74696E75657400034745547371007E0008707704000000007870707400062F61646D696E74001B687474703A2F2F6C6F63616C686F73743A353535352F61646D696E740004687474707400096C6F63616C686F73747400062F61646D696E'),
('182f845a-471b-4ce7-9974-fdd423c085d6', 'avatar', X'ACED0005740000'),
('182f845a-471b-4ce7-9974-fdd423c085d6', 'dob', X'ACED00057372000D6A6176612E74696D652E536572955D84BA1B2248B20C00007870770703000007E9011078'),
('182f845a-471b-4ce7-9974-fdd423c085d6', 'email', X'ACED0005740012636F6E74656E743140676D61696C2E636F6D'),
('182f845a-471b-4ce7-9974-fdd423c085d6', 'fullName', X'ACED00057400175155E1BAA24E204CC3BD206EE1BB99692064756E672031'),
('182f845a-471b-4ce7-9974-fdd423c085d6', 'id', X'ACED00057372000E6A6176612E6C616E672E4C6F6E673B8BE490CC8F23DF0200014A000576616C7565787200106A6176612E6C616E672E4E756D62657286AC951D0B94E08B02000078700000000000000005'),
('182f845a-471b-4ce7-9974-fdd423c085d6', 'jakarta.servlet.jsp.jstl.fmt.request.charset', X'ACED00057400055554462D38'),
('182f845a-471b-4ce7-9974-fdd423c085d6', 'role', X'ACED000574000F434F4E54454E545F4D414E41474552'),
('182f845a-471b-4ce7-9974-fdd423c085d6', 'SPRING_SECURITY_CONTEXT', X'ACED00057372003D6F72672E737072696E676672616D65776F726B2E73656375726974792E636F72652E636F6E746578742E5365637572697479436F6E74657874496D706C000000000000026C0200014C000E61757468656E7469636174696F6E7400324C6F72672F737072696E676672616D65776F726B2F73656375726974792F636F72652F41757468656E7469636174696F6E3B78707372004F6F72672E737072696E676672616D65776F726B2E73656375726974792E61757468656E7469636174696F6E2E557365726E616D6550617373776F726441757468656E7469636174696F6E546F6B656E000000000000026C0200024C000B63726564656E7469616C737400124C6A6176612F6C616E672F4F626A6563743B4C00097072696E636970616C71007E0004787200476F72672E737072696E676672616D65776F726B2E73656375726974792E61757468656E7469636174696F6E2E416273747261637441757468656E7469636174696F6E546F6B656ED3AA287E6E47640E0200035A000D61757468656E746963617465644C000B617574686F7269746965737400164C6A6176612F7574696C2F436F6C6C656374696F6E3B4C000764657461696C7371007E0004787001737200266A6176612E7574696C2E436F6C6C656374696F6E7324556E6D6F6469666961626C654C697374FC0F2531B5EC8E100200014C00046C6973747400104C6A6176612F7574696C2F4C6973743B7872002C6A6176612E7574696C2E436F6C6C656374696F6E7324556E6D6F6469666961626C65436F6C6C656374696F6E19420080CB5EF71E0200014C00016371007E00067870737200136A6176612E7574696C2E41727261794C6973747881D21D99C7619D03000149000473697A65787000000001770400000001737200426F72672E737072696E676672616D65776F726B2E73656375726974792E636F72652E617574686F726974792E53696D706C654772616E746564417574686F72697479000000000000026C0200014C0004726F6C657400124C6A6176612F6C616E672F537472696E673B7870740014524F4C455F434F4E54454E545F4D414E414745527871007E000D737200486F72672E737072696E676672616D65776F726B2E73656375726974792E7765622E61757468656E7469636174696F6E2E57656241757468656E7469636174696F6E44657461696C73000000000000026C0200024C000D72656D6F74654164647265737371007E000F4C000973657373696F6E496471007E000F787074000F303A303A303A303A303A303A303A3174002433383466386639632D623339392D343264382D383331642D316133353039393563326337707372002A7377702E7365313934316A762E706C732E736572766963652E437573746F6D5573657244657461696C7390D0AE44B0B793110200014C00067573657249647400104C6A6176612F6C616E672F4C6F6E673B787200326F72672E737072696E676672616D65776F726B2E73656375726974792E636F72652E7573657264657461696C732E55736572000000000000026C0200075A00116163636F756E744E6F6E457870697265645A00106163636F756E744E6F6E4C6F636B65645A001563726564656E7469616C734E6F6E457870697265645A0007656E61626C65644C000B617574686F72697469657374000F4C6A6176612F7574696C2F5365743B4C000870617373776F726471007E000F4C0008757365726E616D6571007E000F787001010101737200256A6176612E7574696C2E436F6C6C656374696F6E7324556E6D6F6469666961626C65536574801D92D18F9B80550200007871007E000A737200116A6176612E7574696C2E54726565536574DD98509395ED875B0300007870737200466F72672E737072696E676672616D65776F726B2E73656375726974792E636F72652E7573657264657461696C732E5573657224417574686F72697479436F6D70617261746F72000000000000026C020000787077040000000171007E00107870740012636F6E74656E743140676D61696C2E636F6D7372000E6A6176612E6C616E672E4C6F6E673B8BE490CC8F23DF0200014A000576616C7565787200106A6176612E6C616E672E4E756D62657286AC951D0B94E08B02000078700000000000000005'),
('182f845a-471b-4ce7-9974-fdd423c085d6', 'SPRING_SECURITY_SAVED_REQUEST', X'ACED0005737200416F72672E737072696E676672616D65776F726B2E73656375726974792E7765622E7361766564726571756573742E44656661756C74536176656452657175657374000000000000026C02000F49000A736572766572506F72744C000B636F6E74657874506174687400124C6A6176612F6C616E672F537472696E673B4C0007636F6F6B6965737400154C6A6176612F7574696C2F41727261794C6973743B4C00076865616465727374000F4C6A6176612F7574696C2F4D61703B4C00076C6F63616C657371007E00024C001C6D61746368696E6752657175657374506172616D657465724E616D6571007E00014C00066D6574686F6471007E00014C000A706172616D657465727371007E00034C000870617468496E666F71007E00014C000B7175657279537472696E6771007E00014C000A7265717565737455524971007E00014C000A7265717565737455524C71007E00014C0006736368656D6571007E00014C000A7365727665724E616D6571007E00014C000B736572766C65745061746871007E00017870000015B3740000737200136A6176612E7574696C2E41727261794C6973747881D21D99C7619D03000149000473697A65787000000001770400000001737200396F72672E737072696E676672616D65776F726B2E73656375726974792E7765622E7361766564726571756573742E5361766564436F6F6B6965000000000000026C0200084900066D61784167655A000673656375726549000776657273696F6E4C0007636F6D6D656E7471007E00014C0006646F6D61696E71007E00014C00046E616D6571007E00014C00047061746871007E00014C000576616C756571007E00017870FFFFFFFF0000000000707074000753455353494F4E707400304D7A67305A6A686D4F574D74596A4D354F5330304D6D51344C54677A4D5751744D57457A4E5441354F54566A4D6D4D3378737200116A6176612E7574696C2E547265654D61700CC1F63E2D256AE60300014C000A636F6D70617261746F727400164C6A6176612F7574696C2F436F6D70617261746F723B78707372002A6A6176612E6C616E672E537472696E672443617365496E73656E736974697665436F6D70617261746F7277035C7D5C50E5CE020000787077040000000E7400066163636570747371007E0006000000017704000000017400032A2F2A7874000F6163636570742D656E636F64696E677371007E000600000001770400000001740017677A69702C206465666C6174652C2062722C207A7374647874000F6163636570742D6C616E67756167657371007E00060000000177040000000174000276697874000A636F6E6E656374696F6E7371007E00060000000177040000000174000A6B6565702D616C69766578740006636F6F6B69657371007E00060000000177040000000174003853455353494F4E3D4D7A67305A6A686D4F574D74596A4D354F5330304D6D51344C54677A4D5751744D57457A4E5441354F54566A4D6D4D3378740004686F73747371007E00060000000177040000000174000E6C6F63616C686F73743A3535353578740007726566657265727371007E000600000001770400000001740016687474703A2F2F6C6F63616C686F73743A353535352F787400097365632D63682D75617371007E00060000000177040000000174004122476F6F676C65204368726F6D65223B763D22313337222C20224368726F6D69756D223B763D22313337222C20224E6F742F41294272616E64223B763D22323422787400107365632D63682D75612D6D6F62696C657371007E0006000000017704000000017400023F30787400127365632D63682D75612D706C6174666F726D7371007E0006000000017704000000017400092257696E646F7773227874000E7365632D66657463682D646573747371007E000600000001770400000001740005656D7074797874000E7365632D66657463682D6D6F64657371007E000600000001770400000001740004636F72737874000E7365632D66657463682D736974657371007E00060000000177040000000174000B73616D652D6F726967696E7874000A757365722D6167656E747371007E00060000000177040000000174006F4D6F7A696C6C612F352E30202857696E646F7773204E542031302E303B2057696E36343B2078363429204170706C655765624B69742F3533372E333620284B48544D4C2C206C696B65204765636B6F29204368726F6D652F3133372E302E302E30205361666172692F3533372E333678787371007E000600000001770400000001737200106A6176612E7574696C2E4C6F63616C657EF811609C30F9EC03000649000868617368636F64654C0007636F756E74727971007E00014C000A657874656E73696F6E7371007E00014C00086C616E677561676571007E00014C000673637269707471007E00014C000776617269616E7471007E00017870FFFFFFFF71007E000571007E0005740002766971007E000571007E00057878740008636F6E74696E75657400034745547371007E000C707704000000007870707400212F6E6F74696669636174696F6E2F636C69656E742F756E726561642D636F756E74740036687474703A2F2F6C6F63616C686F73743A353535352F6E6F74696669636174696F6E2F636C69656E742F756E726561642D636F756E74740004687474707400096C6F63616C686F73747400212F6E6F74696669636174696F6E2F636C69656E742F756E726561642D636F756E74'),
('1bf2e876-fb40-4ca0-a4ff-b7df6da06309', 'avatar', X'ACED000574002839373066363932642D333335352D343936392D383363632D3034353463653632623433652E706E67'),
('1bf2e876-fb40-4ca0-a4ff-b7df6da06309', 'dob', X'ACED00057372000D6A6176612E74696D652E536572955D84BA1B2248B20C00007870770703000007E9070A78'),
('1bf2e876-fb40-4ca0-a4ff-b7df6da06309', 'email', X'ACED000574001273747564656E743140676D61696C2E636F6D'),
('1bf2e876-fb40-4ca0-a4ff-b7df6da06309', 'fullName', X'ACED000574001768E1BB8D632073696E68207468E1BBA9206E68E1BAA574'),
('1bf2e876-fb40-4ca0-a4ff-b7df6da06309', 'id', X'ACED00057372000E6A6176612E6C616E672E4C6F6E673B8BE490CC8F23DF0200014A000576616C7565787200106A6176612E6C616E672E4E756D62657286AC951D0B94E08B02000078700000000000000009'),
('1bf2e876-fb40-4ca0-a4ff-b7df6da06309', 'jakarta.servlet.jsp.jstl.fmt.request.charset', X'ACED00057400055554462D38'),
('1bf2e876-fb40-4ca0-a4ff-b7df6da06309', 'role', X'ACED000574000753545544454E54'),
('1bf2e876-fb40-4ca0-a4ff-b7df6da06309', 'SPRING_SECURITY_CONTEXT', X'ACED00057372003D6F72672E737072696E676672616D65776F726B2E73656375726974792E636F72652E636F6E746578742E5365637572697479436F6E74657874496D706C000000000000026C0200014C000E61757468656E7469636174696F6E7400324C6F72672F737072696E676672616D65776F726B2F73656375726974792F636F72652F41757468656E7469636174696F6E3B78707372004F6F72672E737072696E676672616D65776F726B2E73656375726974792E61757468656E7469636174696F6E2E557365726E616D6550617373776F726441757468656E7469636174696F6E546F6B656E000000000000026C0200024C000B63726564656E7469616C737400124C6A6176612F6C616E672F4F626A6563743B4C00097072696E636970616C71007E0004787200476F72672E737072696E676672616D65776F726B2E73656375726974792E61757468656E7469636174696F6E2E416273747261637441757468656E7469636174696F6E546F6B656ED3AA287E6E47640E0200035A000D61757468656E746963617465644C000B617574686F7269746965737400164C6A6176612F7574696C2F436F6C6C656374696F6E3B4C000764657461696C7371007E0004787001737200266A6176612E7574696C2E436F6C6C656374696F6E7324556E6D6F6469666961626C654C697374FC0F2531B5EC8E100200014C00046C6973747400104C6A6176612F7574696C2F4C6973743B7872002C6A6176612E7574696C2E436F6C6C656374696F6E7324556E6D6F6469666961626C65436F6C6C656374696F6E19420080CB5EF71E0200014C00016371007E00067870737200136A6176612E7574696C2E41727261794C6973747881D21D99C7619D03000149000473697A65787000000001770400000001737200426F72672E737072696E676672616D65776F726B2E73656375726974792E636F72652E617574686F726974792E53696D706C654772616E746564417574686F72697479000000000000026C0200014C0004726F6C657400124C6A6176612F6C616E672F537472696E673B787074000C524F4C455F53545544454E547871007E000D737200486F72672E737072696E676672616D65776F726B2E73656375726974792E7765622E61757468656E7469636174696F6E2E57656241757468656E7469636174696F6E44657461696C73000000000000026C0200024C000D72656D6F74654164647265737371007E000F4C000973657373696F6E496471007E000F787074000F303A303A303A303A303A303A303A3174002436383538326131362D353562332D343737392D626130632D313061373862653963383532707372002A7377702E7365313934316A762E706C732E736572766963652E437573746F6D5573657244657461696C7390D0AE44B0B793110200014C00067573657249647400104C6A6176612F6C616E672F4C6F6E673B787200326F72672E737072696E676672616D65776F726B2E73656375726974792E636F72652E7573657264657461696C732E55736572000000000000026C0200075A00116163636F756E744E6F6E457870697265645A00106163636F756E744E6F6E4C6F636B65645A001563726564656E7469616C734E6F6E457870697265645A0007656E61626C65644C000B617574686F72697469657374000F4C6A6176612F7574696C2F5365743B4C000870617373776F726471007E000F4C0008757365726E616D6571007E000F787001010101737200256A6176612E7574696C2E436F6C6C656374696F6E7324556E6D6F6469666961626C65536574801D92D18F9B80550200007871007E000A737200116A6176612E7574696C2E54726565536574DD98509395ED875B0300007870737200466F72672E737072696E676672616D65776F726B2E73656375726974792E636F72652E7573657264657461696C732E5573657224417574686F72697479436F6D70617261746F72000000000000026C020000787077040000000171007E0010787074001273747564656E743140676D61696C2E636F6D7372000E6A6176612E6C616E672E4C6F6E673B8BE490CC8F23DF0200014A000576616C7565787200106A6176612E6C616E672E4E756D62657286AC951D0B94E08B02000078700000000000000009'),
('2385ab54-03f6-45d3-900a-e1475fca3677', 'avatar', X'ACED000574002839373066363932642D333335352D343936392D383363632D3034353463653632623433652E706E67'),
('2385ab54-03f6-45d3-900a-e1475fca3677', 'dob', X'ACED00057372000D6A6176612E74696D652E536572955D84BA1B2248B20C00007870770703000007E9070A78'),
('2385ab54-03f6-45d3-900a-e1475fca3677', 'email', X'ACED000574001273747564656E743140676D61696C2E636F6D'),
('2385ab54-03f6-45d3-900a-e1475fca3677', 'fullName', X'ACED00057400154E677579E1BB856E5472E1BB8D6E67204CE1BBB163'),
('2385ab54-03f6-45d3-900a-e1475fca3677', 'id', X'ACED00057372000E6A6176612E6C616E672E4C6F6E673B8BE490CC8F23DF0200014A000576616C7565787200106A6176612E6C616E672E4E756D62657286AC951D0B94E08B02000078700000000000000009'),
('2385ab54-03f6-45d3-900a-e1475fca3677', 'jakarta.servlet.jsp.jstl.fmt.request.charset', X'ACED00057400055554462D38'),
('2385ab54-03f6-45d3-900a-e1475fca3677', 'role', X'ACED000574000753545544454E54'),
('2385ab54-03f6-45d3-900a-e1475fca3677', 'SPRING_SECURITY_CONTEXT', X'ACED00057372003D6F72672E737072696E676672616D65776F726B2E73656375726974792E636F72652E636F6E746578742E5365637572697479436F6E74657874496D706C000000000000026C0200014C000E61757468656E7469636174696F6E7400324C6F72672F737072696E676672616D65776F726B2F73656375726974792F636F72652F41757468656E7469636174696F6E3B78707372004F6F72672E737072696E676672616D65776F726B2E73656375726974792E61757468656E7469636174696F6E2E557365726E616D6550617373776F726441757468656E7469636174696F6E546F6B656E000000000000026C0200024C000B63726564656E7469616C737400124C6A6176612F6C616E672F4F626A6563743B4C00097072696E636970616C71007E0004787200476F72672E737072696E676672616D65776F726B2E73656375726974792E61757468656E7469636174696F6E2E416273747261637441757468656E7469636174696F6E546F6B656ED3AA287E6E47640E0200035A000D61757468656E746963617465644C000B617574686F7269746965737400164C6A6176612F7574696C2F436F6C6C656374696F6E3B4C000764657461696C7371007E0004787001737200266A6176612E7574696C2E436F6C6C656374696F6E7324556E6D6F6469666961626C654C697374FC0F2531B5EC8E100200014C00046C6973747400104C6A6176612F7574696C2F4C6973743B7872002C6A6176612E7574696C2E436F6C6C656374696F6E7324556E6D6F6469666961626C65436F6C6C656374696F6E19420080CB5EF71E0200014C00016371007E00067870737200136A6176612E7574696C2E41727261794C6973747881D21D99C7619D03000149000473697A65787000000001770400000001737200426F72672E737072696E676672616D65776F726B2E73656375726974792E636F72652E617574686F726974792E53696D706C654772616E746564417574686F72697479000000000000026C0200014C0004726F6C657400124C6A6176612F6C616E672F537472696E673B787074000C524F4C455F53545544454E547871007E000D737200486F72672E737072696E676672616D65776F726B2E73656375726974792E7765622E61757468656E7469636174696F6E2E57656241757468656E7469636174696F6E44657461696C73000000000000026C0200024C000D72656D6F74654164647265737371007E000F4C000973657373696F6E496471007E000F787074000F303A303A303A303A303A303A303A3174002463633061376336382D306435302D343865632D393031302D656131633861633839386561707372002A7377702E7365313934316A762E706C732E736572766963652E437573746F6D5573657244657461696C7390D0AE44B0B793110200014C00067573657249647400104C6A6176612F6C616E672F4C6F6E673B787200326F72672E737072696E676672616D65776F726B2E73656375726974792E636F72652E7573657264657461696C732E55736572000000000000026C0200075A00116163636F756E744E6F6E457870697265645A00106163636F756E744E6F6E4C6F636B65645A001563726564656E7469616C734E6F6E457870697265645A0007656E61626C65644C000B617574686F72697469657374000F4C6A6176612F7574696C2F5365743B4C000870617373776F726471007E000F4C0008757365726E616D6571007E000F787001010101737200256A6176612E7574696C2E436F6C6C656374696F6E7324556E6D6F6469666961626C65536574801D92D18F9B80550200007871007E000A737200116A6176612E7574696C2E54726565536574DD98509395ED875B0300007870737200466F72672E737072696E676672616D65776F726B2E73656375726974792E636F72652E7573657264657461696C732E5573657224417574686F72697479436F6D70617261746F72000000000000026C020000787077040000000171007E0010787074001273747564656E743140676D61696C2E636F6D7372000E6A6176612E6C616E672E4C6F6E673B8BE490CC8F23DF0200014A000576616C7565787200106A6176612E6C616E672E4E756D62657286AC951D0B94E08B02000078700000000000000009'),
('2385ab54-03f6-45d3-900a-e1475fca3677', 'SPRING_SECURITY_SAVED_REQUEST', X'ACED0005737200416F72672E737072696E676672616D65776F726B2E73656375726974792E7765622E7361766564726571756573742E44656661756C74536176656452657175657374000000000000026C02000F49000A736572766572506F72744C000B636F6E74657874506174687400124C6A6176612F6C616E672F537472696E673B4C0007636F6F6B6965737400154C6A6176612F7574696C2F41727261794C6973743B4C00076865616465727374000F4C6A6176612F7574696C2F4D61703B4C00076C6F63616C657371007E00024C001C6D61746368696E6752657175657374506172616D657465724E616D6571007E00014C00066D6574686F6471007E00014C000A706172616D657465727371007E00034C000870617468496E666F71007E00014C000B7175657279537472696E6771007E00014C000A7265717565737455524971007E00014C000A7265717565737455524C71007E00014C0006736368656D6571007E00014C000A7365727665724E616D6571007E00014C000B736572766C65745061746871007E00017870000015B3740000737200136A6176612E7574696C2E41727261794C6973747881D21D99C7619D03000149000473697A65787000000001770400000001737200396F72672E737072696E676672616D65776F726B2E73656375726974792E7765622E7361766564726571756573742E5361766564436F6F6B6965000000000000026C0200084900066D61784167655A000673656375726549000776657273696F6E4C0007636F6D6D656E7471007E00014C0006646F6D61696E71007E00014C00046E616D6571007E00014C00047061746871007E00014C000576616C756571007E00017870FFFFFFFF0000000000707074000753455353494F4E7074003059324D775954646A4E6A67744D4751314D4330304F47566A4C546B774D5441745A574578597A6868597A67354F47566878737200116A6176612E7574696C2E547265654D61700CC1F63E2D256AE60300014C000A636F6D70617261746F727400164C6A6176612F7574696C2F436F6D70617261746F723B78707372002A6A6176612E6C616E672E537472696E672443617365496E73656E736974697665436F6D70617261746F7277035C7D5C50E5CE020000787077040000000E7400066163636570747371007E0006000000017704000000017400032A2F2A7874000F6163636570742D656E636F64696E677371007E000600000001770400000001740017677A69702C206465666C6174652C2062722C207A7374647874000F6163636570742D6C616E67756167657371007E00060000000177040000000174000E656E2D55532C656E3B713D302E397874000A636F6E6E656374696F6E7371007E00060000000177040000000174000A6B6565702D616C69766578740006636F6F6B69657371007E00060000000177040000000174003853455353494F4E3D59324D775954646A4E6A67744D4751314D4330304F47566A4C546B774D5441745A574578597A6868597A67354F47566878740004686F73747371007E00060000000177040000000174000E6C6F63616C686F73743A3535353578740007726566657265727371007E000600000001770400000001740016687474703A2F2F6C6F63616C686F73743A353535352F787400097365632D63682D75617371007E000600000001770400000001740040224E6F7429413B4272616E64223B763D2238222C20224368726F6D69756D223B763D22313338222C2022476F6F676C65204368726F6D65223B763D2231333822787400107365632D63682D75612D6D6F62696C657371007E0006000000017704000000017400023F30787400127365632D63682D75612D706C6174666F726D7371007E0006000000017704000000017400092257696E646F7773227874000E7365632D66657463682D646573747371007E000600000001770400000001740005656D7074797874000E7365632D66657463682D6D6F64657371007E000600000001770400000001740004636F72737874000E7365632D66657463682D736974657371007E00060000000177040000000174000B73616D652D6F726967696E7874000A757365722D6167656E747371007E00060000000177040000000174006F4D6F7A696C6C612F352E30202857696E646F7773204E542031302E303B2057696E36343B2078363429204170706C655765624B69742F3533372E333620284B48544D4C2C206C696B65204765636B6F29204368726F6D652F3133382E302E302E30205361666172692F3533372E333678787371007E000600000002770400000002737200106A6176612E7574696C2E4C6F63616C657EF811609C30F9EC03000649000868617368636F64654C0007636F756E74727971007E00014C000A657874656E73696F6E7371007E00014C00086C616E677561676571007E00014C000673637269707471007E00014C000776617269616E7471007E00017870FFFFFFFF740002555371007E0005740002656E71007E000571007E0005787371007E003CFFFFFFFF71007E000571007E000571007E003F71007E000571007E00057878740008636F6E74696E75657400034745547371007E000C707704000000007870707400212F6E6F74696669636174696F6E2F636C69656E742F756E726561642D636F756E74740036687474703A2F2F6C6F63616C686F73743A353535352F6E6F74696669636174696F6E2F636C69656E742F756E726561642D636F756E74740004687474707400096C6F63616C686F73747400212F6E6F74696669636174696F6E2F636C69656E742F756E726561642D636F756E74'),
('27dca102-de07-4e66-9a6a-825fab718077', 'dob', X'ACED00057372000D6A6176612E74696D652E536572955D84BA1B2248B20C00007870770703000007D4030878'),
('27dca102-de07-4e66-9a6a-825fab718077', 'email', X'ACED000574000F61646D696E40676D61696C2E636F6D'),
('27dca102-de07-4e66-9a6a-825fab718077', 'fullName', X'ACED000574000561646D696E'),
('27dca102-de07-4e66-9a6a-825fab718077', 'id', X'ACED00057372000E6A6176612E6C616E672E4C6F6E673B8BE490CC8F23DF0200014A000576616C7565787200106A6176612E6C616E672E4E756D62657286AC951D0B94E08B02000078700000000000000001'),
('27dca102-de07-4e66-9a6a-825fab718077', 'jakarta.servlet.jsp.jstl.fmt.request.charset', X'ACED00057400055554462D38'),
('27dca102-de07-4e66-9a6a-825fab718077', 'role', X'ACED000574000541444D494E'),
('27dca102-de07-4e66-9a6a-825fab718077', 'SPRING_SECURITY_CONTEXT', X'ACED00057372003D6F72672E737072696E676672616D65776F726B2E73656375726974792E636F72652E636F6E746578742E5365637572697479436F6E74657874496D706C000000000000026C0200014C000E61757468656E7469636174696F6E7400324C6F72672F737072696E676672616D65776F726B2F73656375726974792F636F72652F41757468656E7469636174696F6E3B78707372004F6F72672E737072696E676672616D65776F726B2E73656375726974792E61757468656E7469636174696F6E2E557365726E616D6550617373776F726441757468656E7469636174696F6E546F6B656E000000000000026C0200024C000B63726564656E7469616C737400124C6A6176612F6C616E672F4F626A6563743B4C00097072696E636970616C71007E0004787200476F72672E737072696E676672616D65776F726B2E73656375726974792E61757468656E7469636174696F6E2E416273747261637441757468656E7469636174696F6E546F6B656ED3AA287E6E47640E0200035A000D61757468656E746963617465644C000B617574686F7269746965737400164C6A6176612F7574696C2F436F6C6C656374696F6E3B4C000764657461696C7371007E0004787001737200266A6176612E7574696C2E436F6C6C656374696F6E7324556E6D6F6469666961626C654C697374FC0F2531B5EC8E100200014C00046C6973747400104C6A6176612F7574696C2F4C6973743B7872002C6A6176612E7574696C2E436F6C6C656374696F6E7324556E6D6F6469666961626C65436F6C6C656374696F6E19420080CB5EF71E0200014C00016371007E00067870737200136A6176612E7574696C2E41727261794C6973747881D21D99C7619D03000149000473697A65787000000001770400000001737200426F72672E737072696E676672616D65776F726B2E73656375726974792E636F72652E617574686F726974792E53696D706C654772616E746564417574686F72697479000000000000026C0200014C0004726F6C657400124C6A6176612F6C616E672F537472696E673B787074000A524F4C455F41444D494E7871007E000D737200486F72672E737072696E676672616D65776F726B2E73656375726974792E7765622E61757468656E7469636174696F6E2E57656241757468656E7469636174696F6E44657461696C73000000000000026C0200024C000D72656D6F74654164647265737371007E000F4C000973657373696F6E496471007E000F787074000F303A303A303A303A303A303A303A3174002461643732396130632D376566632D343163302D383662642D333139303432623530386537707372002A7377702E7365313934316A762E706C732E736572766963652E437573746F6D5573657244657461696C7390D0AE44B0B793110200014C00067573657249647400104C6A6176612F6C616E672F4C6F6E673B787200326F72672E737072696E676672616D65776F726B2E73656375726974792E636F72652E7573657264657461696C732E55736572000000000000026C0200075A00116163636F756E744E6F6E457870697265645A00106163636F756E744E6F6E4C6F636B65645A001563726564656E7469616C734E6F6E457870697265645A0007656E61626C65644C000B617574686F72697469657374000F4C6A6176612F7574696C2F5365743B4C000870617373776F726471007E000F4C0008757365726E616D6571007E000F787001010101737200256A6176612E7574696C2E436F6C6C656374696F6E7324556E6D6F6469666961626C65536574801D92D18F9B80550200007871007E000A737200116A6176612E7574696C2E54726565536574DD98509395ED875B0300007870737200466F72672E737072696E676672616D65776F726B2E73656375726974792E636F72652E7573657264657461696C732E5573657224417574686F72697479436F6D70617261746F72000000000000026C020000787077040000000171007E0010787074000F61646D696E40676D61696C2E636F6D7372000E6A6176612E6C616E672E4C6F6E673B8BE490CC8F23DF0200014A000576616C7565787200106A6176612E6C616E672E4E756D62657286AC951D0B94E08B02000078700000000000000001'),
('27dca102-de07-4e66-9a6a-825fab718077', 'SPRING_SECURITY_SAVED_REQUEST', X'ACED0005737200416F72672E737072696E676672616D65776F726B2E73656375726974792E7765622E7361766564726571756573742E44656661756C74536176656452657175657374000000000000026C02000F49000A736572766572506F72744C000B636F6E74657874506174687400124C6A6176612F6C616E672F537472696E673B4C0007636F6F6B6965737400154C6A6176612F7574696C2F41727261794C6973743B4C00076865616465727374000F4C6A6176612F7574696C2F4D61703B4C00076C6F63616C657371007E00024C001C6D61746368696E6752657175657374506172616D657465724E616D6571007E00014C00066D6574686F6471007E00014C000A706172616D657465727371007E00034C000870617468496E666F71007E00014C000B7175657279537472696E6771007E00014C000A7265717565737455524971007E00014C000A7265717565737455524C71007E00014C0006736368656D6571007E00014C000A7365727665724E616D6571007E00014C000B736572766C65745061746871007E00017870000015B3740000737200136A6176612E7574696C2E41727261794C6973747881D21D99C7619D03000149000473697A6578700000000077040000000078737200116A6176612E7574696C2E547265654D61700CC1F63E2D256AE60300014C000A636F6D70617261746F727400164C6A6176612F7574696C2F436F6D70617261746F723B78707372002A6A6176612E6C616E672E537472696E672443617365496E73656E736974697665436F6D70617261746F7277035C7D5C50E5CE02000078707704000000107400066163636570747371007E000600000001770400000001740087746578742F68746D6C2C6170706C69636174696F6E2F7868746D6C2B786D6C2C6170706C69636174696F6E2F786D6C3B713D302E392C696D6167652F617669662C696D6167652F776562702C696D6167652F61706E672C2A2F2A3B713D302E382C6170706C69636174696F6E2F7369676E65642D65786368616E67653B763D62333B713D302E377874000F6163636570742D656E636F64696E677371007E000600000001770400000001740017677A69702C206465666C6174652C2062722C207A7374647874000F6163636570742D6C616E67756167657371007E00060000000177040000000174000E656E2D55532C656E3B713D302E397874000A636F6E6E656374696F6E7371007E00060000000177040000000174000A6B6565702D616C69766578740004686F73747371007E00060000000177040000000174000E6C6F63616C686F73743A3535353578740007707572706F73657371007E0006000000017704000000017400087072656665746368787400097365632D63682D75617371007E000600000001770400000001740040224E6F7429413B4272616E64223B763D2238222C20224368726F6D69756D223B763D22313338222C2022476F6F676C65204368726F6D65223B763D2231333822787400107365632D63682D75612D6D6F62696C657371007E0006000000017704000000017400023F30787400127365632D63682D75612D706C6174666F726D7371007E0006000000017704000000017400092257696E646F7773227874000E7365632D66657463682D646573747371007E000600000001770400000001740008646F63756D656E747874000E7365632D66657463682D6D6F64657371007E0006000000017704000000017400086E617669676174657874000E7365632D66657463682D736974657371007E0006000000017704000000017400046E6F6E657874000E7365632D66657463682D757365727371007E0006000000017704000000017400023F317874000B7365632D707572706F73657371007E00060000000177040000000174001270726566657463683B70726572656E64657278740019757067726164652D696E7365637572652D72657175657374737371007E000600000001770400000001740001317874000A757365722D6167656E747371007E00060000000177040000000174006F4D6F7A696C6C612F352E30202857696E646F7773204E542031302E303B2057696E36343B2078363429204170706C655765624B69742F3533372E333620284B48544D4C2C206C696B65204765636B6F29204368726F6D652F3133382E302E302E30205361666172692F3533372E333678787371007E000600000002770400000002737200106A6176612E7574696C2E4C6F63616C657EF811609C30F9EC03000649000868617368636F64654C0007636F756E74727971007E00014C000A657874656E73696F6E7371007E00014C00086C616E677561676571007E00014C000673637269707471007E00014C000776617269616E7471007E00017870FFFFFFFF740002555371007E0005740002656E71007E000571007E0005787371007E003EFFFFFFFF71007E000571007E000571007E004171007E000571007E00057878740008636F6E74696E75657400034745547371007E0008707704000000007870707400062F61646D696E74001B687474703A2F2F6C6F63616C686F73743A353535352F61646D696E740004687474707400096C6F63616C686F73747400062F61646D696E'),
('2f04efb8-a339-4362-b909-a880db99d01b', 'avatar', X'ACED0005740000'),
('2f04efb8-a339-4362-b909-a880db99d01b', 'dob', X'ACED00057372000D6A6176612E74696D652E536572955D84BA1B2248B20C00007870770703000007E9011078'),
('2f04efb8-a339-4362-b909-a880db99d01b', 'email', X'ACED000574001073746166663140676D61696C2E636F6D'),
('2f04efb8-a339-4362-b909-a880db99d01b', 'fullName', X'ACED00057400154E677579E1BB856E2056C4836E20436869E1BABF6E'),
('2f04efb8-a339-4362-b909-a880db99d01b', 'id', X'ACED00057372000E6A6176612E6C616E672E4C6F6E673B8BE490CC8F23DF0200014A000576616C7565787200106A6176612E6C616E672E4E756D62657286AC951D0B94E08B02000078700000000000000002'),
('2f04efb8-a339-4362-b909-a880db99d01b', 'role', X'ACED00057400055354414646'),
('2f04efb8-a339-4362-b909-a880db99d01b', 'SPRING_SECURITY_CONTEXT', X'ACED00057372003D6F72672E737072696E676672616D65776F726B2E73656375726974792E636F72652E636F6E746578742E5365637572697479436F6E74657874496D706C000000000000026C0200014C000E61757468656E7469636174696F6E7400324C6F72672F737072696E676672616D65776F726B2F73656375726974792F636F72652F41757468656E7469636174696F6E3B78707372004F6F72672E737072696E676672616D65776F726B2E73656375726974792E61757468656E7469636174696F6E2E557365726E616D6550617373776F726441757468656E7469636174696F6E546F6B656E000000000000026C0200024C000B63726564656E7469616C737400124C6A6176612F6C616E672F4F626A6563743B4C00097072696E636970616C71007E0004787200476F72672E737072696E676672616D65776F726B2E73656375726974792E61757468656E7469636174696F6E2E416273747261637441757468656E7469636174696F6E546F6B656ED3AA287E6E47640E0200035A000D61757468656E746963617465644C000B617574686F7269746965737400164C6A6176612F7574696C2F436F6C6C656374696F6E3B4C000764657461696C7371007E0004787001737200266A6176612E7574696C2E436F6C6C656374696F6E7324556E6D6F6469666961626C654C697374FC0F2531B5EC8E100200014C00046C6973747400104C6A6176612F7574696C2F4C6973743B7872002C6A6176612E7574696C2E436F6C6C656374696F6E7324556E6D6F6469666961626C65436F6C6C656374696F6E19420080CB5EF71E0200014C00016371007E00067870737200136A6176612E7574696C2E41727261794C6973747881D21D99C7619D03000149000473697A65787000000001770400000001737200426F72672E737072696E676672616D65776F726B2E73656375726974792E636F72652E617574686F726974792E53696D706C654772616E746564417574686F72697479000000000000026C0200014C0004726F6C657400124C6A6176612F6C616E672F537472696E673B787074000A524F4C455F53544146467871007E000D737200486F72672E737072696E676672616D65776F726B2E73656375726974792E7765622E61757468656E7469636174696F6E2E57656241757468656E7469636174696F6E44657461696C73000000000000026C0200024C000D72656D6F74654164647265737371007E000F4C000973657373696F6E496471007E000F787074000F303A303A303A303A303A303A303A3174002464656139613237352D383533342D343634312D393766362D326262326331666532366332707372002A7377702E7365313934316A762E706C732E736572766963652E437573746F6D5573657244657461696C7390D0AE44B0B793110200014C00067573657249647400104C6A6176612F6C616E672F4C6F6E673B787200326F72672E737072696E676672616D65776F726B2E73656375726974792E636F72652E7573657264657461696C732E55736572000000000000026C0200075A00116163636F756E744E6F6E457870697265645A00106163636F756E744E6F6E4C6F636B65645A001563726564656E7469616C734E6F6E457870697265645A0007656E61626C65644C000B617574686F72697469657374000F4C6A6176612F7574696C2F5365743B4C000870617373776F726471007E000F4C0008757365726E616D6571007E000F787001010101737200256A6176612E7574696C2E436F6C6C656374696F6E7324556E6D6F6469666961626C65536574801D92D18F9B80550200007871007E000A737200116A6176612E7574696C2E54726565536574DD98509395ED875B0300007870737200466F72672E737072696E676672616D65776F726B2E73656375726974792E636F72652E7573657264657461696C732E5573657224417574686F72697479436F6D70617261746F72000000000000026C020000787077040000000171007E0010787074001073746166663140676D61696C2E636F6D7372000E6A6176612E6C616E672E4C6F6E673B8BE490CC8F23DF0200014A000576616C7565787200106A6176612E6C616E672E4E756D62657286AC951D0B94E08B02000078700000000000000002'),
('2f04efb8-a339-4362-b909-a880db99d01b', 'SPRING_SECURITY_SAVED_REQUEST', X'ACED0005737200416F72672E737072696E676672616D65776F726B2E73656375726974792E7765622E7361766564726571756573742E44656661756C74536176656452657175657374000000000000026C02000F49000A736572766572506F72744C000B636F6E74657874506174687400124C6A6176612F6C616E672F537472696E673B4C0007636F6F6B6965737400154C6A6176612F7574696C2F41727261794C6973743B4C00076865616465727374000F4C6A6176612F7574696C2F4D61703B4C00076C6F63616C657371007E00024C001C6D61746368696E6752657175657374506172616D657465724E616D6571007E00014C00066D6574686F6471007E00014C000A706172616D657465727371007E00034C000870617468496E666F71007E00014C000B7175657279537472696E6771007E00014C000A7265717565737455524971007E00014C000A7265717565737455524C71007E00014C0006736368656D6571007E00014C000A7365727665724E616D6571007E00014C000B736572766C65745061746871007E00017870000015B3740000737200136A6176612E7574696C2E41727261794C6973747881D21D99C7619D03000149000473697A6578700000000077040000000078737200116A6176612E7574696C2E547265654D61700CC1F63E2D256AE60300014C000A636F6D70617261746F727400164C6A6176612F7574696C2F436F6D70617261746F723B78707372002A6A6176612E6C616E672E537472696E672443617365496E73656E736974697665436F6D70617261746F7277035C7D5C50E5CE020000787077040000000E7400066163636570747371007E000600000001770400000001740087746578742F68746D6C2C6170706C69636174696F6E2F7868746D6C2B786D6C2C6170706C69636174696F6E2F786D6C3B713D302E392C696D6167652F617669662C696D6167652F776562702C696D6167652F61706E672C2A2F2A3B713D302E382C6170706C69636174696F6E2F7369676E65642D65786368616E67653B763D62333B713D302E377874000F6163636570742D656E636F64696E677371007E000600000001770400000001740017677A69702C206465666C6174652C2062722C207A7374647874000F6163636570742D6C616E67756167657371007E00060000000177040000000174000E76692D564E2C76693B713D302E397874000A636F6E6E656374696F6E7371007E00060000000177040000000174000A6B6565702D616C69766578740004686F73747371007E00060000000177040000000174000E6C6F63616C686F73743A35353535787400097365632D63682D75617371007E000600000001770400000001740040224E6F7429413B4272616E64223B763D2238222C20224368726F6D69756D223B763D22313338222C2022476F6F676C65204368726F6D65223B763D2231333822787400107365632D63682D75612D6D6F62696C657371007E0006000000017704000000017400023F30787400127365632D63682D75612D706C6174666F726D7371007E0006000000017704000000017400092257696E646F7773227874000E7365632D66657463682D646573747371007E000600000001770400000001740008646F63756D656E747874000E7365632D66657463682D6D6F64657371007E0006000000017704000000017400086E617669676174657874000E7365632D66657463682D736974657371007E0006000000017704000000017400046E6F6E657874000E7365632D66657463682D757365727371007E0006000000017704000000017400023F3178740019757067726164652D696E7365637572652D72657175657374737371007E000600000001770400000001740001317874000A757365722D6167656E747371007E00060000000177040000000174006F4D6F7A696C6C612F352E30202857696E646F7773204E542031302E303B2057696E36343B2078363429204170706C655765624B69742F3533372E333620284B48544D4C2C206C696B65204765636B6F29204368726F6D652F3133382E302E302E30205361666172692F3533372E333678787371007E000600000002770400000002737200106A6176612E7574696C2E4C6F63616C657EF811609C30F9EC03000649000868617368636F64654C0007636F756E74727971007E00014C000A657874656E73696F6E7371007E00014C00086C616E677561676571007E00014C000673637269707471007E00014C000776617269616E7471007E00017870FFFFFFFF740002564E71007E0005740002766971007E000571007E0005787371007E0038FFFFFFFF71007E000571007E000571007E003B71007E000571007E00057878740008636F6E74696E75657400034745547371007E0008707704000000007870707400082F726573756C747374001D687474703A2F2F6C6F63616C686F73743A353535352F726573756C7473740004687474707400096C6F63616C686F73747400082F726573756C7473'),
('339363b5-f20b-403b-9154-e1409d86e6d5', 'avatar', X'ACED0005740000'),
('339363b5-f20b-403b-9154-e1409d86e6d5', 'dob', X'ACED00057372000D6A6176612E74696D652E536572955D84BA1B2248B20C00007870770703000007E9011078'),
('339363b5-f20b-403b-9154-e1409d86e6d5', 'email', X'ACED0005740011706172656E743140676D61696C2E636F6D'),
('339363b5-f20b-403b-9154-e1409d86e6d5', 'fullName', X'ACED000574000D5068E1BBA5206875796E682031'),
('339363b5-f20b-403b-9154-e1409d86e6d5', 'id', X'ACED00057372000E6A6176612E6C616E672E4C6F6E673B8BE490CC8F23DF0200014A000576616C7565787200106A6176612E6C616E672E4E756D62657286AC951D0B94E08B02000078700000000000000007'),
('339363b5-f20b-403b-9154-e1409d86e6d5', 'jakarta.servlet.jsp.jstl.fmt.request.charset', X'ACED00057400055554462D38'),
('339363b5-f20b-403b-9154-e1409d86e6d5', 'role', X'ACED0005740006504152454E54'),
('339363b5-f20b-403b-9154-e1409d86e6d5', 'SPRING_SECURITY_CONTEXT', X'ACED00057372003D6F72672E737072696E676672616D65776F726B2E73656375726974792E636F72652E636F6E746578742E5365637572697479436F6E74657874496D706C000000000000026C0200014C000E61757468656E7469636174696F6E7400324C6F72672F737072696E676672616D65776F726B2F73656375726974792F636F72652F41757468656E7469636174696F6E3B78707372004F6F72672E737072696E676672616D65776F726B2E73656375726974792E61757468656E7469636174696F6E2E557365726E616D6550617373776F726441757468656E7469636174696F6E546F6B656E000000000000026C0200024C000B63726564656E7469616C737400124C6A6176612F6C616E672F4F626A6563743B4C00097072696E636970616C71007E0004787200476F72672E737072696E676672616D65776F726B2E73656375726974792E61757468656E7469636174696F6E2E416273747261637441757468656E7469636174696F6E546F6B656ED3AA287E6E47640E0200035A000D61757468656E746963617465644C000B617574686F7269746965737400164C6A6176612F7574696C2F436F6C6C656374696F6E3B4C000764657461696C7371007E0004787001737200266A6176612E7574696C2E436F6C6C656374696F6E7324556E6D6F6469666961626C654C697374FC0F2531B5EC8E100200014C00046C6973747400104C6A6176612F7574696C2F4C6973743B7872002C6A6176612E7574696C2E436F6C6C656374696F6E7324556E6D6F6469666961626C65436F6C6C656374696F6E19420080CB5EF71E0200014C00016371007E00067870737200136A6176612E7574696C2E41727261794C6973747881D21D99C7619D03000149000473697A65787000000001770400000001737200426F72672E737072696E676672616D65776F726B2E73656375726974792E636F72652E617574686F726974792E53696D706C654772616E746564417574686F72697479000000000000026C0200014C0004726F6C657400124C6A6176612F6C616E672F537472696E673B787074000B524F4C455F504152454E547871007E000D737200486F72672E737072696E676672616D65776F726B2E73656375726974792E7765622E61757468656E7469636174696F6E2E57656241757468656E7469636174696F6E44657461696C73000000000000026C0200024C000D72656D6F74654164647265737371007E000F4C000973657373696F6E496471007E000F787074000F303A303A303A303A303A303A303A3174002436393131326165392D396266352D343336642D616266302D306363653632363265613136707372002A7377702E7365313934316A762E706C732E736572766963652E437573746F6D5573657244657461696C7390D0AE44B0B793110200014C00067573657249647400104C6A6176612F6C616E672F4C6F6E673B787200326F72672E737072696E676672616D65776F726B2E73656375726974792E636F72652E7573657264657461696C732E55736572000000000000026C0200075A00116163636F756E744E6F6E457870697265645A00106163636F756E744E6F6E4C6F636B65645A001563726564656E7469616C734E6F6E457870697265645A0007656E61626C65644C000B617574686F72697469657374000F4C6A6176612F7574696C2F5365743B4C000870617373776F726471007E000F4C0008757365726E616D6571007E000F787001010101737200256A6176612E7574696C2E436F6C6C656374696F6E7324556E6D6F6469666961626C65536574801D92D18F9B80550200007871007E000A737200116A6176612E7574696C2E54726565536574DD98509395ED875B0300007870737200466F72672E737072696E676672616D65776F726B2E73656375726974792E636F72652E7573657264657461696C732E5573657224417574686F72697479436F6D70617261746F72000000000000026C020000787077040000000171007E00107870740011706172656E743140676D61696C2E636F6D7372000E6A6176612E6C616E672E4C6F6E673B8BE490CC8F23DF0200014A000576616C7565787200106A6176612E6C616E672E4E756D62657286AC951D0B94E08B02000078700000000000000007'),
('339363b5-f20b-403b-9154-e1409d86e6d5', 'SPRING_SECURITY_SAVED_REQUEST', X'ACED0005737200416F72672E737072696E676672616D65776F726B2E73656375726974792E7765622E7361766564726571756573742E44656661756C74536176656452657175657374000000000000026C02000F49000A736572766572506F72744C000B636F6E74657874506174687400124C6A6176612F6C616E672F537472696E673B4C0007636F6F6B6965737400154C6A6176612F7574696C2F41727261794C6973743B4C00076865616465727374000F4C6A6176612F7574696C2F4D61703B4C00076C6F63616C657371007E00024C001C6D61746368696E6752657175657374506172616D657465724E616D6571007E00014C00066D6574686F6471007E00014C000A706172616D657465727371007E00034C000870617468496E666F71007E00014C000B7175657279537472696E6771007E00014C000A7265717565737455524971007E00014C000A7265717565737455524C71007E00014C0006736368656D6571007E00014C000A7365727665724E616D6571007E00014C000B736572766C65745061746871007E00017870000015B3740000737200136A6176612E7574696C2E41727261794C6973747881D21D99C7619D03000149000473697A65787000000001770400000001737200396F72672E737072696E676672616D65776F726B2E73656375726974792E7765622E7361766564726571756573742E5361766564436F6F6B6965000000000000026C0200084900066D61784167655A000673656375726549000776657273696F6E4C0007636F6D6D656E7471007E00014C0006646F6D61696E71007E00014C00046E616D6571007E00014C00047061746871007E00014C000576616C756571007E00017870FFFFFFFF0000000000707074000753455353494F4E707400304E6A6B784D544A685A546B744F574A6D4E5330304D7A5A6B4C5746695A6A41744D474E6A5A5459794E6A4A6C5954453278737200116A6176612E7574696C2E547265654D61700CC1F63E2D256AE60300014C000A636F6D70617261746F727400164C6A6176612F7574696C2F436F6D70617261746F723B78707372002A6A6176612E6C616E672E537472696E672443617365496E73656E736974697665436F6D70617261746F7277035C7D5C50E5CE020000787077040000000E7400066163636570747371007E0006000000017704000000017400032A2F2A7874000F6163636570742D656E636F64696E677371007E000600000001770400000001740017677A69702C206465666C6174652C2062722C207A7374647874000F6163636570742D6C616E67756167657371007E00060000000177040000000174000276697874000A636F6E6E656374696F6E7371007E00060000000177040000000174000A6B6565702D616C69766578740006636F6F6B69657371007E00060000000177040000000174003853455353494F4E3D4E6A6B784D544A685A546B744F574A6D4E5330304D7A5A6B4C5746695A6A41744D474E6A5A5459794E6A4A6C5954453278740004686F73747371007E00060000000177040000000174000E6C6F63616C686F73743A3535353578740007726566657265727371007E000600000001770400000001740016687474703A2F2F6C6F63616C686F73743A353535352F787400097365632D63682D75617371007E000600000001770400000001740040224E6F7429413B4272616E64223B763D2238222C20224368726F6D69756D223B763D22313338222C2022476F6F676C65204368726F6D65223B763D2231333822787400107365632D63682D75612D6D6F62696C657371007E0006000000017704000000017400023F30787400127365632D63682D75612D706C6174666F726D7371007E0006000000017704000000017400092257696E646F7773227874000E7365632D66657463682D646573747371007E000600000001770400000001740005656D7074797874000E7365632D66657463682D6D6F64657371007E000600000001770400000001740004636F72737874000E7365632D66657463682D736974657371007E00060000000177040000000174000B73616D652D6F726967696E7874000A757365722D6167656E747371007E00060000000177040000000174006F4D6F7A696C6C612F352E30202857696E646F7773204E542031302E303B2057696E36343B2078363429204170706C655765624B69742F3533372E333620284B48544D4C2C206C696B65204765636B6F29204368726F6D652F3133382E302E302E30205361666172692F3533372E333678787371007E000600000001770400000001737200106A6176612E7574696C2E4C6F63616C657EF811609C30F9EC03000649000868617368636F64654C0007636F756E74727971007E00014C000A657874656E73696F6E7371007E00014C00086C616E677561676571007E00014C000673637269707471007E00014C000776617269616E7471007E00017870FFFFFFFF71007E000571007E0005740002766971007E000571007E00057878740008636F6E74696E75657400034745547371007E000C707704000000007870707400212F6E6F74696669636174696F6E2F636C69656E742F756E726561642D636F756E74740036687474703A2F2F6C6F63616C686F73743A353535352F6E6F74696669636174696F6E2F636C69656E742F756E726561642D636F756E74740004687474707400096C6F63616C686F73747400212F6E6F74696669636174696F6E2F636C69656E742F756E726561642D636F756E74'),
('35f2fe8c-f0df-41c6-8223-6cfc1ad4f180', 'avatar', X'ACED0005740000'),
('35f2fe8c-f0df-41c6-8223-6cfc1ad4f180', 'dob', X'ACED00057372000D6A6176612E74696D652E536572955D84BA1B2248B20C00007870770703000007E9011078'),
('35f2fe8c-f0df-41c6-8223-6cfc1ad4f180', 'email', X'ACED0005740012636F6E74656E743140676D61696C2E636F6D'),
('35f2fe8c-f0df-41c6-8223-6cfc1ad4f180', 'fullName', X'ACED00057400175155E1BAA24E204CC3BD206EE1BB99692064756E672031'),
('35f2fe8c-f0df-41c6-8223-6cfc1ad4f180', 'id', X'ACED00057372000E6A6176612E6C616E672E4C6F6E673B8BE490CC8F23DF0200014A000576616C7565787200106A6176612E6C616E672E4E756D62657286AC951D0B94E08B02000078700000000000000005'),
('35f2fe8c-f0df-41c6-8223-6cfc1ad4f180', 'jakarta.servlet.jsp.jstl.fmt.request.charset', X'ACED00057400055554462D38'),
('35f2fe8c-f0df-41c6-8223-6cfc1ad4f180', 'role', X'ACED000574000F434F4E54454E545F4D414E41474552'),
('35f2fe8c-f0df-41c6-8223-6cfc1ad4f180', 'SPRING_SECURITY_CONTEXT', X'ACED00057372003D6F72672E737072696E676672616D65776F726B2E73656375726974792E636F72652E636F6E746578742E5365637572697479436F6E74657874496D706C000000000000026C0200014C000E61757468656E7469636174696F6E7400324C6F72672F737072696E676672616D65776F726B2F73656375726974792F636F72652F41757468656E7469636174696F6E3B78707372004F6F72672E737072696E676672616D65776F726B2E73656375726974792E61757468656E7469636174696F6E2E557365726E616D6550617373776F726441757468656E7469636174696F6E546F6B656E000000000000026C0200024C000B63726564656E7469616C737400124C6A6176612F6C616E672F4F626A6563743B4C00097072696E636970616C71007E0004787200476F72672E737072696E676672616D65776F726B2E73656375726974792E61757468656E7469636174696F6E2E416273747261637441757468656E7469636174696F6E546F6B656ED3AA287E6E47640E0200035A000D61757468656E746963617465644C000B617574686F7269746965737400164C6A6176612F7574696C2F436F6C6C656374696F6E3B4C000764657461696C7371007E0004787001737200266A6176612E7574696C2E436F6C6C656374696F6E7324556E6D6F6469666961626C654C697374FC0F2531B5EC8E100200014C00046C6973747400104C6A6176612F7574696C2F4C6973743B7872002C6A6176612E7574696C2E436F6C6C656374696F6E7324556E6D6F6469666961626C65436F6C6C656374696F6E19420080CB5EF71E0200014C00016371007E00067870737200136A6176612E7574696C2E41727261794C6973747881D21D99C7619D03000149000473697A65787000000001770400000001737200426F72672E737072696E676672616D65776F726B2E73656375726974792E636F72652E617574686F726974792E53696D706C654772616E746564417574686F72697479000000000000026C0200014C0004726F6C657400124C6A6176612F6C616E672F537472696E673B7870740014524F4C455F434F4E54454E545F4D414E414745527871007E000D737200486F72672E737072696E676672616D65776F726B2E73656375726974792E7765622E61757468656E7469636174696F6E2E57656241757468656E7469636174696F6E44657461696C73000000000000026C0200024C000D72656D6F74654164647265737371007E000F4C000973657373696F6E496471007E000F787074000F303A303A303A303A303A303A303A3174002434363636663839302D336335612D346363632D626664322D333630643231616666336266707372002A7377702E7365313934316A762E706C732E736572766963652E437573746F6D5573657244657461696C7390D0AE44B0B793110200014C00067573657249647400104C6A6176612F6C616E672F4C6F6E673B787200326F72672E737072696E676672616D65776F726B2E73656375726974792E636F72652E7573657264657461696C732E55736572000000000000026C0200075A00116163636F756E744E6F6E457870697265645A00106163636F756E744E6F6E4C6F636B65645A001563726564656E7469616C734E6F6E457870697265645A0007656E61626C65644C000B617574686F72697469657374000F4C6A6176612F7574696C2F5365743B4C000870617373776F726471007E000F4C0008757365726E616D6571007E000F787001010101737200256A6176612E7574696C2E436F6C6C656374696F6E7324556E6D6F6469666961626C65536574801D92D18F9B80550200007871007E000A737200116A6176612E7574696C2E54726565536574DD98509395ED875B0300007870737200466F72672E737072696E676672616D65776F726B2E73656375726974792E636F72652E7573657264657461696C732E5573657224417574686F72697479436F6D70617261746F72000000000000026C020000787077040000000171007E00107870740012636F6E74656E743140676D61696C2E636F6D7372000E6A6176612E6C616E672E4C6F6E673B8BE490CC8F23DF0200014A000576616C7565787200106A6176612E6C616E672E4E756D62657286AC951D0B94E08B02000078700000000000000005'),
('3b2b3023-3eb2-43c1-afa1-05873f5d3c3c', 'avatar', X'ACED0005740000'),
('3b2b3023-3eb2-43c1-afa1-05873f5d3c3c', 'dob', X'ACED00057372000D6A6176612E74696D652E536572955D84BA1B2248B20C00007870770703000007E9011078'),
('3b2b3023-3eb2-43c1-afa1-05873f5d3c3c', 'email', X'ACED0005740012636F6E74656E743140676D61696C2E636F6D'),
('3b2b3023-3eb2-43c1-afa1-05873f5d3c3c', 'fullName', X'ACED00057400175155E1BAA24E204CC3BD206EE1BB99692064756E672031'),
('3b2b3023-3eb2-43c1-afa1-05873f5d3c3c', 'id', X'ACED00057372000E6A6176612E6C616E672E4C6F6E673B8BE490CC8F23DF0200014A000576616C7565787200106A6176612E6C616E672E4E756D62657286AC951D0B94E08B02000078700000000000000005'),
('3b2b3023-3eb2-43c1-afa1-05873f5d3c3c', 'jakarta.servlet.jsp.jstl.fmt.request.charset', X'ACED00057400055554462D38'),
('3b2b3023-3eb2-43c1-afa1-05873f5d3c3c', 'role', X'ACED000574000F434F4E54454E545F4D414E41474552'),
('3b2b3023-3eb2-43c1-afa1-05873f5d3c3c', 'SPRING_SECURITY_CONTEXT', X'ACED00057372003D6F72672E737072696E676672616D65776F726B2E73656375726974792E636F72652E636F6E746578742E5365637572697479436F6E74657874496D706C000000000000026C0200014C000E61757468656E7469636174696F6E7400324C6F72672F737072696E676672616D65776F726B2F73656375726974792F636F72652F41757468656E7469636174696F6E3B78707372004F6F72672E737072696E676672616D65776F726B2E73656375726974792E61757468656E7469636174696F6E2E557365726E616D6550617373776F726441757468656E7469636174696F6E546F6B656E000000000000026C0200024C000B63726564656E7469616C737400124C6A6176612F6C616E672F4F626A6563743B4C00097072696E636970616C71007E0004787200476F72672E737072696E676672616D65776F726B2E73656375726974792E61757468656E7469636174696F6E2E416273747261637441757468656E7469636174696F6E546F6B656ED3AA287E6E47640E0200035A000D61757468656E746963617465644C000B617574686F7269746965737400164C6A6176612F7574696C2F436F6C6C656374696F6E3B4C000764657461696C7371007E0004787001737200266A6176612E7574696C2E436F6C6C656374696F6E7324556E6D6F6469666961626C654C697374FC0F2531B5EC8E100200014C00046C6973747400104C6A6176612F7574696C2F4C6973743B7872002C6A6176612E7574696C2E436F6C6C656374696F6E7324556E6D6F6469666961626C65436F6C6C656374696F6E19420080CB5EF71E0200014C00016371007E00067870737200136A6176612E7574696C2E41727261794C6973747881D21D99C7619D03000149000473697A65787000000001770400000001737200426F72672E737072696E676672616D65776F726B2E73656375726974792E636F72652E617574686F726974792E53696D706C654772616E746564417574686F72697479000000000000026C0200014C0004726F6C657400124C6A6176612F6C616E672F537472696E673B7870740014524F4C455F434F4E54454E545F4D414E414745527871007E000D737200486F72672E737072696E676672616D65776F726B2E73656375726974792E7765622E61757468656E7469636174696F6E2E57656241757468656E7469636174696F6E44657461696C73000000000000026C0200024C000D72656D6F74654164647265737371007E000F4C000973657373696F6E496471007E000F787074000F303A303A303A303A303A303A303A3174002438633563373030662D616433652D343534652D393531342D643566363631313235643937707372002A7377702E7365313934316A762E706C732E736572766963652E437573746F6D5573657244657461696C7390D0AE44B0B793110200014C00067573657249647400104C6A6176612F6C616E672F4C6F6E673B787200326F72672E737072696E676672616D65776F726B2E73656375726974792E636F72652E7573657264657461696C732E55736572000000000000026C0200075A00116163636F756E744E6F6E457870697265645A00106163636F756E744E6F6E4C6F636B65645A001563726564656E7469616C734E6F6E457870697265645A0007656E61626C65644C000B617574686F72697469657374000F4C6A6176612F7574696C2F5365743B4C000870617373776F726471007E000F4C0008757365726E616D6571007E000F787001010101737200256A6176612E7574696C2E436F6C6C656374696F6E7324556E6D6F6469666961626C65536574801D92D18F9B80550200007871007E000A737200116A6176612E7574696C2E54726565536574DD98509395ED875B0300007870737200466F72672E737072696E676672616D65776F726B2E73656375726974792E636F72652E7573657264657461696C732E5573657224417574686F72697479436F6D70617261746F72000000000000026C020000787077040000000171007E00107870740012636F6E74656E743140676D61696C2E636F6D7372000E6A6176612E6C616E672E4C6F6E673B8BE490CC8F23DF0200014A000576616C7565787200106A6176612E6C616E672E4E756D62657286AC951D0B94E08B02000078700000000000000005'),
('3b2b3023-3eb2-43c1-afa1-05873f5d3c3c', 'SPRING_SECURITY_SAVED_REQUEST', X'ACED0005737200416F72672E737072696E676672616D65776F726B2E73656375726974792E7765622E7361766564726571756573742E44656661756C74536176656452657175657374000000000000026C02000F49000A736572766572506F72744C000B636F6E74657874506174687400124C6A6176612F6C616E672F537472696E673B4C0007636F6F6B6965737400154C6A6176612F7574696C2F41727261794C6973743B4C00076865616465727374000F4C6A6176612F7574696C2F4D61703B4C00076C6F63616C657371007E00024C001C6D61746368696E6752657175657374506172616D657465724E616D6571007E00014C00066D6574686F6471007E00014C000A706172616D657465727371007E00034C000870617468496E666F71007E00014C000B7175657279537472696E6771007E00014C000A7265717565737455524971007E00014C000A7265717565737455524C71007E00014C0006736368656D6571007E00014C000A7365727665724E616D6571007E00014C000B736572766C65745061746871007E00017870000015B3740000737200136A6176612E7574696C2E41727261794C6973747881D21D99C7619D03000149000473697A65787000000001770400000001737200396F72672E737072696E676672616D65776F726B2E73656375726974792E7765622E7361766564726571756573742E5361766564436F6F6B6965000000000000026C0200084900066D61784167655A000673656375726549000776657273696F6E4C0007636F6D6D656E7471007E00014C0006646F6D61696E71007E00014C00046E616D6571007E00014C00047061746871007E00014C000576616C756571007E00017870FFFFFFFF0000000000707074000753455353494F4E707400304F474D31597A63774D4759745957517A5A5330304E54526C4C546B314D5451745A44566D4E6A59784D5449315A446B3378737200116A6176612E7574696C2E547265654D61700CC1F63E2D256AE60300014C000A636F6D70617261746F727400164C6A6176612F7574696C2F436F6D70617261746F723B78707372002A6A6176612E6C616E672E537472696E672443617365496E73656E736974697665436F6D70617261746F7277035C7D5C50E5CE020000787077040000000E7400066163636570747371007E0006000000017704000000017400032A2F2A7874000F6163636570742D656E636F64696E677371007E000600000001770400000001740017677A69702C206465666C6174652C2062722C207A7374647874000F6163636570742D6C616E67756167657371007E00060000000177040000000174000E656E2D55532C656E3B713D302E397874000A636F6E6E656374696F6E7371007E00060000000177040000000174000A6B6565702D616C69766578740006636F6F6B69657371007E00060000000177040000000174003853455353494F4E3D4F474D31597A63774D4759745957517A5A5330304E54526C4C546B314D5451745A44566D4E6A59784D5449315A446B3378740004686F73747371007E00060000000177040000000174000E6C6F63616C686F73743A3535353578740007726566657265727371007E000600000001770400000001740016687474703A2F2F6C6F63616C686F73743A353535352F787400097365632D63682D75617371007E000600000001770400000001740040224E6F7429413B4272616E64223B763D2238222C20224368726F6D69756D223B763D22313338222C2022476F6F676C65204368726F6D65223B763D2231333822787400107365632D63682D75612D6D6F62696C657371007E0006000000017704000000017400023F30787400127365632D63682D75612D706C6174666F726D7371007E0006000000017704000000017400092257696E646F7773227874000E7365632D66657463682D646573747371007E000600000001770400000001740005656D7074797874000E7365632D66657463682D6D6F64657371007E000600000001770400000001740004636F72737874000E7365632D66657463682D736974657371007E00060000000177040000000174000B73616D652D6F726967696E7874000A757365722D6167656E747371007E00060000000177040000000174006F4D6F7A696C6C612F352E30202857696E646F7773204E542031302E303B2057696E36343B2078363429204170706C655765624B69742F3533372E333620284B48544D4C2C206C696B65204765636B6F29204368726F6D652F3133382E302E302E30205361666172692F3533372E333678787371007E000600000002770400000002737200106A6176612E7574696C2E4C6F63616C657EF811609C30F9EC03000649000868617368636F64654C0007636F756E74727971007E00014C000A657874656E73696F6E7371007E00014C00086C616E677561676571007E00014C000673637269707471007E00014C000776617269616E7471007E00017870FFFFFFFF740002555371007E0005740002656E71007E000571007E0005787371007E003CFFFFFFFF71007E000571007E000571007E003F71007E000571007E00057878740008636F6E74696E75657400034745547371007E000C707704000000007870707400212F6E6F74696669636174696F6E2F636C69656E742F756E726561642D636F756E74740036687474703A2F2F6C6F63616C686F73743A353535352F6E6F74696669636174696F6E2F636C69656E742F756E726561642D636F756E74740004687474707400096C6F63616C686F73747400212F6E6F74696669636174696F6E2F636C69656E742F756E726561642D636F756E74'),
('4ba65b2f-e60d-4791-88cc-c1ad31ecb6b8', 'avatar', X'ACED000574002839373066363932642D333335352D343936392D383363632D3034353463653632623433652E706E67'),
('4ba65b2f-e60d-4791-88cc-c1ad31ecb6b8', 'dob', X'ACED00057372000D6A6176612E74696D652E536572955D84BA1B2248B20C00007870770703000007E9070A78'),
('4ba65b2f-e60d-4791-88cc-c1ad31ecb6b8', 'email', X'ACED000574001273747564656E743140676D61696C2E636F6D'),
('4ba65b2f-e60d-4791-88cc-c1ad31ecb6b8', 'fullName', X'ACED000574001768E1BB8D632073696E68207468E1BBA9206E68E1BAA574'),
('4ba65b2f-e60d-4791-88cc-c1ad31ecb6b8', 'id', X'ACED00057372000E6A6176612E6C616E672E4C6F6E673B8BE490CC8F23DF0200014A000576616C7565787200106A6176612E6C616E672E4E756D62657286AC951D0B94E08B02000078700000000000000009'),
('4ba65b2f-e60d-4791-88cc-c1ad31ecb6b8', 'jakarta.servlet.jsp.jstl.fmt.request.charset', X'ACED00057400055554462D38'),
('4ba65b2f-e60d-4791-88cc-c1ad31ecb6b8', 'role', X'ACED000574000753545544454E54'),
('4ba65b2f-e60d-4791-88cc-c1ad31ecb6b8', 'SPRING_SECURITY_CONTEXT', X'ACED00057372003D6F72672E737072696E676672616D65776F726B2E73656375726974792E636F72652E636F6E746578742E5365637572697479436F6E74657874496D706C000000000000026C0200014C000E61757468656E7469636174696F6E7400324C6F72672F737072696E676672616D65776F726B2F73656375726974792F636F72652F41757468656E7469636174696F6E3B78707372004F6F72672E737072696E676672616D65776F726B2E73656375726974792E61757468656E7469636174696F6E2E557365726E616D6550617373776F726441757468656E7469636174696F6E546F6B656E000000000000026C0200024C000B63726564656E7469616C737400124C6A6176612F6C616E672F4F626A6563743B4C00097072696E636970616C71007E0004787200476F72672E737072696E676672616D65776F726B2E73656375726974792E61757468656E7469636174696F6E2E416273747261637441757468656E7469636174696F6E546F6B656ED3AA287E6E47640E0200035A000D61757468656E746963617465644C000B617574686F7269746965737400164C6A6176612F7574696C2F436F6C6C656374696F6E3B4C000764657461696C7371007E0004787001737200266A6176612E7574696C2E436F6C6C656374696F6E7324556E6D6F6469666961626C654C697374FC0F2531B5EC8E100200014C00046C6973747400104C6A6176612F7574696C2F4C6973743B7872002C6A6176612E7574696C2E436F6C6C656374696F6E7324556E6D6F6469666961626C65436F6C6C656374696F6E19420080CB5EF71E0200014C00016371007E00067870737200136A6176612E7574696C2E41727261794C6973747881D21D99C7619D03000149000473697A65787000000001770400000001737200426F72672E737072696E676672616D65776F726B2E73656375726974792E636F72652E617574686F726974792E53696D706C654772616E746564417574686F72697479000000000000026C0200014C0004726F6C657400124C6A6176612F6C616E672F537472696E673B787074000C524F4C455F53545544454E547871007E000D737200486F72672E737072696E676672616D65776F726B2E73656375726974792E7765622E61757468656E7469636174696F6E2E57656241757468656E7469636174696F6E44657461696C73000000000000026C0200024C000D72656D6F74654164647265737371007E000F4C000973657373696F6E496471007E000F787074000F303A303A303A303A303A303A303A3174002466346238656632332D376631632D343464622D396432372D316134383835613463633066707372002A7377702E7365313934316A762E706C732E736572766963652E437573746F6D5573657244657461696C7390D0AE44B0B793110200014C00067573657249647400104C6A6176612F6C616E672F4C6F6E673B787200326F72672E737072696E676672616D65776F726B2E73656375726974792E636F72652E7573657264657461696C732E55736572000000000000026C0200075A00116163636F756E744E6F6E457870697265645A00106163636F756E744E6F6E4C6F636B65645A001563726564656E7469616C734E6F6E457870697265645A0007656E61626C65644C000B617574686F72697469657374000F4C6A6176612F7574696C2F5365743B4C000870617373776F726471007E000F4C0008757365726E616D6571007E000F787001010101737200256A6176612E7574696C2E436F6C6C656374696F6E7324556E6D6F6469666961626C65536574801D92D18F9B80550200007871007E000A737200116A6176612E7574696C2E54726565536574DD98509395ED875B0300007870737200466F72672E737072696E676672616D65776F726B2E73656375726974792E636F72652E7573657264657461696C732E5573657224417574686F72697479436F6D70617261746F72000000000000026C020000787077040000000171007E0010787074001273747564656E743140676D61696C2E636F6D7372000E6A6176612E6C616E672E4C6F6E673B8BE490CC8F23DF0200014A000576616C7565787200106A6176612E6C616E672E4E756D62657286AC951D0B94E08B02000078700000000000000009'),
('4ba65b2f-e60d-4791-88cc-c1ad31ecb6b8', 'SPRING_SECURITY_SAVED_REQUEST', X'ACED0005737200416F72672E737072696E676672616D65776F726B2E73656375726974792E7765622E7361766564726571756573742E44656661756C74536176656452657175657374000000000000026C02000F49000A736572766572506F72744C000B636F6E74657874506174687400124C6A6176612F6C616E672F537472696E673B4C0007636F6F6B6965737400154C6A6176612F7574696C2F41727261794C6973743B4C00076865616465727374000F4C6A6176612F7574696C2F4D61703B4C00076C6F63616C657371007E00024C001C6D61746368696E6752657175657374506172616D657465724E616D6571007E00014C00066D6574686F6471007E00014C000A706172616D657465727371007E00034C000870617468496E666F71007E00014C000B7175657279537472696E6771007E00014C000A7265717565737455524971007E00014C000A7265717565737455524C71007E00014C0006736368656D6571007E00014C000A7365727665724E616D6571007E00014C000B736572766C65745061746871007E00017870000015B3740000737200136A6176612E7574696C2E41727261794C6973747881D21D99C7619D03000149000473697A65787000000001770400000001737200396F72672E737072696E676672616D65776F726B2E73656375726974792E7765622E7361766564726571756573742E5361766564436F6F6B6965000000000000026C0200084900066D61784167655A000673656375726549000776657273696F6E4C0007636F6D6D656E7471007E00014C0006646F6D61696E71007E00014C00046E616D6571007E00014C00047061746871007E00014C000576616C756571007E00017870FFFFFFFF0000000000707074000753455353494F4E707400305A6A52694F47566D4D6A4D744E325978597930304E4752694C546C6B4D6A63744D5745304F4467315954526A597A426D78737200116A6176612E7574696C2E547265654D61700CC1F63E2D256AE60300014C000A636F6D70617261746F727400164C6A6176612F7574696C2F436F6D70617261746F723B78707372002A6A6176612E6C616E672E537472696E672443617365496E73656E736974697665436F6D70617261746F7277035C7D5C50E5CE020000787077040000000E7400066163636570747371007E0006000000017704000000017400032A2F2A7874000F6163636570742D656E636F64696E677371007E000600000001770400000001740017677A69702C206465666C6174652C2062722C207A7374647874000F6163636570742D6C616E67756167657371007E00060000000177040000000174000E656E2D55532C656E3B713D302E397874000A636F6E6E656374696F6E7371007E00060000000177040000000174000A6B6565702D616C69766578740006636F6F6B69657371007E00060000000177040000000174003853455353494F4E3D5A6A52694F47566D4D6A4D744E325978597930304E4752694C546C6B4D6A63744D5745304F4467315954526A597A426D78740004686F73747371007E00060000000177040000000174000E6C6F63616C686F73743A3535353578740007726566657265727371007E000600000001770400000001740016687474703A2F2F6C6F63616C686F73743A353535352F787400097365632D63682D75617371007E000600000001770400000001740040224E6F7429413B4272616E64223B763D2238222C20224368726F6D69756D223B763D22313338222C2022476F6F676C65204368726F6D65223B763D2231333822787400107365632D63682D75612D6D6F62696C657371007E0006000000017704000000017400023F30787400127365632D63682D75612D706C6174666F726D7371007E0006000000017704000000017400092257696E646F7773227874000E7365632D66657463682D646573747371007E000600000001770400000001740005656D7074797874000E7365632D66657463682D6D6F64657371007E000600000001770400000001740004636F72737874000E7365632D66657463682D736974657371007E00060000000177040000000174000B73616D652D6F726967696E7874000A757365722D6167656E747371007E00060000000177040000000174006F4D6F7A696C6C612F352E30202857696E646F7773204E542031302E303B2057696E36343B2078363429204170706C655765624B69742F3533372E333620284B48544D4C2C206C696B65204765636B6F29204368726F6D652F3133382E302E302E30205361666172692F3533372E333678787371007E000600000002770400000002737200106A6176612E7574696C2E4C6F63616C657EF811609C30F9EC03000649000868617368636F64654C0007636F756E74727971007E00014C000A657874656E73696F6E7371007E00014C00086C616E677561676571007E00014C000673637269707471007E00014C000776617269616E7471007E00017870FFFFFFFF740002555371007E0005740002656E71007E000571007E0005787371007E003CFFFFFFFF71007E000571007E000571007E003F71007E000571007E00057878740008636F6E74696E75657400034745547371007E000C707704000000007870707400212F6E6F74696669636174696F6E2F636C69656E742F756E726561642D636F756E74740036687474703A2F2F6C6F63616C686F73743A353535352F6E6F74696669636174696F6E2F636C69656E742F756E726561642D636F756E74740004687474707400096C6F63616C686F73747400212F6E6F74696669636174696F6E2F636C69656E742F756E726561642D636F756E74'),
('507d6069-5630-47d4-87de-fb81f54c9d72', 'avatar', X'ACED0005740000'),
('507d6069-5630-47d4-87de-fb81f54c9d72', 'dob', X'ACED00057372000D6A6176612E74696D652E536572955D84BA1B2248B20C00007870770703000007D4030878'),
('507d6069-5630-47d4-87de-fb81f54c9d72', 'email', X'ACED000574000F61646D696E40676D61696C2E636F6D'),
('507d6069-5630-47d4-87de-fb81f54c9d72', 'fullName', X'ACED0005740013C490E1BB97204368C3AD6E68205468E1BBA963'),
('507d6069-5630-47d4-87de-fb81f54c9d72', 'id', X'ACED00057372000E6A6176612E6C616E672E4C6F6E673B8BE490CC8F23DF0200014A000576616C7565787200106A6176612E6C616E672E4E756D62657286AC951D0B94E08B02000078700000000000000001'),
('507d6069-5630-47d4-87de-fb81f54c9d72', 'jakarta.servlet.jsp.jstl.fmt.request.charset', X'ACED00057400055554462D38'),
('507d6069-5630-47d4-87de-fb81f54c9d72', 'role', X'ACED000574000541444D494E'),
('507d6069-5630-47d4-87de-fb81f54c9d72', 'SPRING_SECURITY_CONTEXT', X'ACED00057372003D6F72672E737072696E676672616D65776F726B2E73656375726974792E636F72652E636F6E746578742E5365637572697479436F6E74657874496D706C000000000000026C0200014C000E61757468656E7469636174696F6E7400324C6F72672F737072696E676672616D65776F726B2F73656375726974792F636F72652F41757468656E7469636174696F6E3B78707372004F6F72672E737072696E676672616D65776F726B2E73656375726974792E61757468656E7469636174696F6E2E557365726E616D6550617373776F726441757468656E7469636174696F6E546F6B656E000000000000026C0200024C000B63726564656E7469616C737400124C6A6176612F6C616E672F4F626A6563743B4C00097072696E636970616C71007E0004787200476F72672E737072696E676672616D65776F726B2E73656375726974792E61757468656E7469636174696F6E2E416273747261637441757468656E7469636174696F6E546F6B656ED3AA287E6E47640E0200035A000D61757468656E746963617465644C000B617574686F7269746965737400164C6A6176612F7574696C2F436F6C6C656374696F6E3B4C000764657461696C7371007E0004787001737200266A6176612E7574696C2E436F6C6C656374696F6E7324556E6D6F6469666961626C654C697374FC0F2531B5EC8E100200014C00046C6973747400104C6A6176612F7574696C2F4C6973743B7872002C6A6176612E7574696C2E436F6C6C656374696F6E7324556E6D6F6469666961626C65436F6C6C656374696F6E19420080CB5EF71E0200014C00016371007E00067870737200136A6176612E7574696C2E41727261794C6973747881D21D99C7619D03000149000473697A65787000000001770400000001737200426F72672E737072696E676672616D65776F726B2E73656375726974792E636F72652E617574686F726974792E53696D706C654772616E746564417574686F72697479000000000000026C0200014C0004726F6C657400124C6A6176612F6C616E672F537472696E673B787074000A524F4C455F41444D494E7871007E000D737200486F72672E737072696E676672616D65776F726B2E73656375726974792E7765622E61757468656E7469636174696F6E2E57656241757468656E7469636174696F6E44657461696C73000000000000026C0200024C000D72656D6F74654164647265737371007E000F4C000973657373696F6E496471007E000F787074000F303A303A303A303A303A303A303A3174002462623564633636312D373339642D343066372D396232382D356535346233306266316536707372002A7377702E7365313934316A762E706C732E736572766963652E437573746F6D5573657244657461696C7390D0AE44B0B793110200014C00067573657249647400104C6A6176612F6C616E672F4C6F6E673B787200326F72672E737072696E676672616D65776F726B2E73656375726974792E636F72652E7573657264657461696C732E55736572000000000000026C0200075A00116163636F756E744E6F6E457870697265645A00106163636F756E744E6F6E4C6F636B65645A001563726564656E7469616C734E6F6E457870697265645A0007656E61626C65644C000B617574686F72697469657374000F4C6A6176612F7574696C2F5365743B4C000870617373776F726471007E000F4C0008757365726E616D6571007E000F787001010101737200256A6176612E7574696C2E436F6C6C656374696F6E7324556E6D6F6469666961626C65536574801D92D18F9B80550200007871007E000A737200116A6176612E7574696C2E54726565536574DD98509395ED875B0300007870737200466F72672E737072696E676672616D65776F726B2E73656375726974792E636F72652E7573657264657461696C732E5573657224417574686F72697479436F6D70617261746F72000000000000026C020000787077040000000171007E0010787074000F61646D696E40676D61696C2E636F6D7372000E6A6176612E6C616E672E4C6F6E673B8BE490CC8F23DF0200014A000576616C7565787200106A6176612E6C616E672E4E756D62657286AC951D0B94E08B02000078700000000000000001'),
('507d6069-5630-47d4-87de-fb81f54c9d72', 'SPRING_SECURITY_SAVED_REQUEST', X'ACED0005737200416F72672E737072696E676672616D65776F726B2E73656375726974792E7765622E7361766564726571756573742E44656661756C74536176656452657175657374000000000000026C02000F49000A736572766572506F72744C000B636F6E74657874506174687400124C6A6176612F6C616E672F537472696E673B4C0007636F6F6B6965737400154C6A6176612F7574696C2F41727261794C6973743B4C00076865616465727374000F4C6A6176612F7574696C2F4D61703B4C00076C6F63616C657371007E00024C001C6D61746368696E6752657175657374506172616D657465724E616D6571007E00014C00066D6574686F6471007E00014C000A706172616D657465727371007E00034C000870617468496E666F71007E00014C000B7175657279537472696E6771007E00014C000A7265717565737455524971007E00014C000A7265717565737455524C71007E00014C0006736368656D6571007E00014C000A7365727665724E616D6571007E00014C000B736572766C65745061746871007E00017870000015B3740000737200136A6176612E7574696C2E41727261794C6973747881D21D99C7619D03000149000473697A65787000000001770400000001737200396F72672E737072696E676672616D65776F726B2E73656375726974792E7765622E7361766564726571756573742E5361766564436F6F6B6965000000000000026C0200084900066D61784167655A000673656375726549000776657273696F6E4C0007636F6D6D656E7471007E00014C0006646F6D61696E71007E00014C00046E616D6571007E00014C00047061746871007E00014C000576616C756571007E00017870FFFFFFFF0000000000707074000753455353494F4E70740030596D49315A474D324E6A45744E7A4D355A4330304D4759334C546C694D6A67744E5755314E47497A4D474A6D4D57553278737200116A6176612E7574696C2E547265654D61700CC1F63E2D256AE60300014C000A636F6D70617261746F727400164C6A6176612F7574696C2F436F6D70617261746F723B78707372002A6A6176612E6C616E672E537472696E672443617365496E73656E736974697665436F6D70617261746F7277035C7D5C50E5CE020000787077040000000E7400066163636570747371007E0006000000017704000000017400032A2F2A7874000F6163636570742D656E636F64696E677371007E000600000001770400000001740017677A69702C206465666C6174652C2062722C207A7374647874000F6163636570742D6C616E67756167657371007E00060000000177040000000174000E76692D564E2C76693B713D302E397874000A636F6E6E656374696F6E7371007E00060000000177040000000174000A6B6565702D616C69766578740006636F6F6B69657371007E00060000000177040000000174003853455353494F4E3D596D49315A474D324E6A45744E7A4D355A4330304D4759334C546C694D6A67744E5755314E47497A4D474A6D4D57553278740004686F73747371007E00060000000177040000000174000E6C6F63616C686F73743A3535353578740007726566657265727371007E000600000001770400000001740016687474703A2F2F6C6F63616C686F73743A353535352F787400097365632D63682D75617371007E000600000001770400000001740040224E6F7429413B4272616E64223B763D2238222C20224368726F6D69756D223B763D22313338222C2022476F6F676C65204368726F6D65223B763D2231333822787400107365632D63682D75612D6D6F62696C657371007E0006000000017704000000017400023F30787400127365632D63682D75612D706C6174666F726D7371007E0006000000017704000000017400092257696E646F7773227874000E7365632D66657463682D646573747371007E000600000001770400000001740005656D7074797874000E7365632D66657463682D6D6F64657371007E000600000001770400000001740004636F72737874000E7365632D66657463682D736974657371007E00060000000177040000000174000B73616D652D6F726967696E7874000A757365722D6167656E747371007E00060000000177040000000174006F4D6F7A696C6C612F352E30202857696E646F7773204E542031302E303B2057696E36343B2078363429204170706C655765624B69742F3533372E333620284B48544D4C2C206C696B65204765636B6F29204368726F6D652F3133382E302E302E30205361666172692F3533372E333678787371007E000600000002770400000002737200106A6176612E7574696C2E4C6F63616C657EF811609C30F9EC03000649000868617368636F64654C0007636F756E74727971007E00014C000A657874656E73696F6E7371007E00014C00086C616E677561676571007E00014C000673637269707471007E00014C000776617269616E7471007E00017870FFFFFFFF740002564E71007E0005740002766971007E000571007E0005787371007E003CFFFFFFFF71007E000571007E000571007E003F71007E000571007E00057878740008636F6E74696E75657400034745547371007E000C707704000000007870707400212F6E6F74696669636174696F6E2F636C69656E742F756E726561642D636F756E74740036687474703A2F2F6C6F63616C686F73743A353535352F6E6F74696669636174696F6E2F636C69656E742F756E726561642D636F756E74740004687474707400096C6F63616C686F73747400212F6E6F74696669636174696F6E2F636C69656E742F756E726561642D636F756E74'),
('774214be-046b-4abf-b1c7-638f0bf9e5f4', 'avatar', X'ACED0005740000'),
('774214be-046b-4abf-b1c7-638f0bf9e5f4', 'dob', X'ACED00057372000D6A6176612E74696D652E536572955D84BA1B2248B20C00007870770703000007E9011078'),
('774214be-046b-4abf-b1c7-638f0bf9e5f4', 'email', X'ACED000574001073746166663140676D61696C2E636F6D'),
('774214be-046b-4abf-b1c7-638f0bf9e5f4', 'fullName', X'ACED00057400184E68C3A26E205669C3AA6E205468E1BBA9204E68E1BAA574'),
('774214be-046b-4abf-b1c7-638f0bf9e5f4', 'id', X'ACED00057372000E6A6176612E6C616E672E4C6F6E673B8BE490CC8F23DF0200014A000576616C7565787200106A6176612E6C616E672E4E756D62657286AC951D0B94E08B02000078700000000000000002'),
('774214be-046b-4abf-b1c7-638f0bf9e5f4', 'jakarta.servlet.jsp.jstl.fmt.request.charset', X'ACED00057400055554462D38'),
('774214be-046b-4abf-b1c7-638f0bf9e5f4', 'role', X'ACED00057400055354414646'),
('774214be-046b-4abf-b1c7-638f0bf9e5f4', 'SPRING_SECURITY_CONTEXT', X'ACED00057372003D6F72672E737072696E676672616D65776F726B2E73656375726974792E636F72652E636F6E746578742E5365637572697479436F6E74657874496D706C000000000000026C0200014C000E61757468656E7469636174696F6E7400324C6F72672F737072696E676672616D65776F726B2F73656375726974792F636F72652F41757468656E7469636174696F6E3B78707372004F6F72672E737072696E676672616D65776F726B2E73656375726974792E61757468656E7469636174696F6E2E557365726E616D6550617373776F726441757468656E7469636174696F6E546F6B656E000000000000026C0200024C000B63726564656E7469616C737400124C6A6176612F6C616E672F4F626A6563743B4C00097072696E636970616C71007E0004787200476F72672E737072696E676672616D65776F726B2E73656375726974792E61757468656E7469636174696F6E2E416273747261637441757468656E7469636174696F6E546F6B656ED3AA287E6E47640E0200035A000D61757468656E746963617465644C000B617574686F7269746965737400164C6A6176612F7574696C2F436F6C6C656374696F6E3B4C000764657461696C7371007E0004787001737200266A6176612E7574696C2E436F6C6C656374696F6E7324556E6D6F6469666961626C654C697374FC0F2531B5EC8E100200014C00046C6973747400104C6A6176612F7574696C2F4C6973743B7872002C6A6176612E7574696C2E436F6C6C656374696F6E7324556E6D6F6469666961626C65436F6C6C656374696F6E19420080CB5EF71E0200014C00016371007E00067870737200136A6176612E7574696C2E41727261794C6973747881D21D99C7619D03000149000473697A65787000000001770400000001737200426F72672E737072696E676672616D65776F726B2E73656375726974792E636F72652E617574686F726974792E53696D706C654772616E746564417574686F72697479000000000000026C0200014C0004726F6C657400124C6A6176612F6C616E672F537472696E673B787074000A524F4C455F53544146467871007E000D737200486F72672E737072696E676672616D65776F726B2E73656375726974792E7765622E61757468656E7469636174696F6E2E57656241757468656E7469636174696F6E44657461696C73000000000000026C0200024C000D72656D6F74654164647265737371007E000F4C000973657373696F6E496471007E000F787074000F303A303A303A303A303A303A303A3174002430653765336633632D363566302D343436302D383164632D623364303732383330346561707372002A7377702E7365313934316A762E706C732E736572766963652E437573746F6D5573657244657461696C7390D0AE44B0B793110200014C00067573657249647400104C6A6176612F6C616E672F4C6F6E673B787200326F72672E737072696E676672616D65776F726B2E73656375726974792E636F72652E7573657264657461696C732E55736572000000000000026C0200075A00116163636F756E744E6F6E457870697265645A00106163636F756E744E6F6E4C6F636B65645A001563726564656E7469616C734E6F6E457870697265645A0007656E61626C65644C000B617574686F72697469657374000F4C6A6176612F7574696C2F5365743B4C000870617373776F726471007E000F4C0008757365726E616D6571007E000F787001010101737200256A6176612E7574696C2E436F6C6C656374696F6E7324556E6D6F6469666961626C65536574801D92D18F9B80550200007871007E000A737200116A6176612E7574696C2E54726565536574DD98509395ED875B0300007870737200466F72672E737072696E676672616D65776F726B2E73656375726974792E636F72652E7573657264657461696C732E5573657224417574686F72697479436F6D70617261746F72000000000000026C020000787077040000000171007E0010787074001073746166663140676D61696C2E636F6D7372000E6A6176612E6C616E672E4C6F6E673B8BE490CC8F23DF0200014A000576616C7565787200106A6176612E6C616E672E4E756D62657286AC951D0B94E08B02000078700000000000000002'),
('8aa35323-8c07-4486-91e6-5b34070c23a4', 'avatar', X'ACED0005740000'),
('8aa35323-8c07-4486-91e6-5b34070c23a4', 'dob', X'ACED00057372000D6A6176612E74696D652E536572955D84BA1B2248B20C00007870770703000007D4030878'),
('8aa35323-8c07-4486-91e6-5b34070c23a4', 'email', X'ACED000574000F61646D696E40676D61696C2E636F6D'),
('8aa35323-8c07-4486-91e6-5b34070c23a4', 'fullName', X'ACED0005740013C490E1BB97204368C3AD6E68205468E1BBA963'),
('8aa35323-8c07-4486-91e6-5b34070c23a4', 'id', X'ACED00057372000E6A6176612E6C616E672E4C6F6E673B8BE490CC8F23DF0200014A000576616C7565787200106A6176612E6C616E672E4E756D62657286AC951D0B94E08B02000078700000000000000001'),
('8aa35323-8c07-4486-91e6-5b34070c23a4', 'jakarta.servlet.jsp.jstl.fmt.request.charset', X'ACED00057400055554462D38'),
('8aa35323-8c07-4486-91e6-5b34070c23a4', 'role', X'ACED000574000541444D494E'),
('8aa35323-8c07-4486-91e6-5b34070c23a4', 'SPRING_SECURITY_CONTEXT', X'ACED00057372003D6F72672E737072696E676672616D65776F726B2E73656375726974792E636F72652E636F6E746578742E5365637572697479436F6E74657874496D706C000000000000026C0200014C000E61757468656E7469636174696F6E7400324C6F72672F737072696E676672616D65776F726B2F73656375726974792F636F72652F41757468656E7469636174696F6E3B78707372004F6F72672E737072696E676672616D65776F726B2E73656375726974792E61757468656E7469636174696F6E2E557365726E616D6550617373776F726441757468656E7469636174696F6E546F6B656E000000000000026C0200024C000B63726564656E7469616C737400124C6A6176612F6C616E672F4F626A6563743B4C00097072696E636970616C71007E0004787200476F72672E737072696E676672616D65776F726B2E73656375726974792E61757468656E7469636174696F6E2E416273747261637441757468656E7469636174696F6E546F6B656ED3AA287E6E47640E0200035A000D61757468656E746963617465644C000B617574686F7269746965737400164C6A6176612F7574696C2F436F6C6C656374696F6E3B4C000764657461696C7371007E0004787001737200266A6176612E7574696C2E436F6C6C656374696F6E7324556E6D6F6469666961626C654C697374FC0F2531B5EC8E100200014C00046C6973747400104C6A6176612F7574696C2F4C6973743B7872002C6A6176612E7574696C2E436F6C6C656374696F6E7324556E6D6F6469666961626C65436F6C6C656374696F6E19420080CB5EF71E0200014C00016371007E00067870737200136A6176612E7574696C2E41727261794C6973747881D21D99C7619D03000149000473697A65787000000001770400000001737200426F72672E737072696E676672616D65776F726B2E73656375726974792E636F72652E617574686F726974792E53696D706C654772616E746564417574686F72697479000000000000026C0200014C0004726F6C657400124C6A6176612F6C616E672F537472696E673B787074000A524F4C455F41444D494E7871007E000D737200486F72672E737072696E676672616D65776F726B2E73656375726974792E7765622E61757468656E7469636174696F6E2E57656241757468656E7469636174696F6E44657461696C73000000000000026C0200024C000D72656D6F74654164647265737371007E000F4C000973657373696F6E496471007E000F787074000F303A303A303A303A303A303A303A3174002430363538383138642D346135662D346466392D383531372D616235386565343063326533707372002A7377702E7365313934316A762E706C732E736572766963652E437573746F6D5573657244657461696C7390D0AE44B0B793110200014C00067573657249647400104C6A6176612F6C616E672F4C6F6E673B787200326F72672E737072696E676672616D65776F726B2E73656375726974792E636F72652E7573657264657461696C732E55736572000000000000026C0200075A00116163636F756E744E6F6E457870697265645A00106163636F756E744E6F6E4C6F636B65645A001563726564656E7469616C734E6F6E457870697265645A0007656E61626C65644C000B617574686F72697469657374000F4C6A6176612F7574696C2F5365743B4C000870617373776F726471007E000F4C0008757365726E616D6571007E000F787001010101737200256A6176612E7574696C2E436F6C6C656374696F6E7324556E6D6F6469666961626C65536574801D92D18F9B80550200007871007E000A737200116A6176612E7574696C2E54726565536574DD98509395ED875B0300007870737200466F72672E737072696E676672616D65776F726B2E73656375726974792E636F72652E7573657264657461696C732E5573657224417574686F72697479436F6D70617261746F72000000000000026C020000787077040000000171007E0010787074000F61646D696E40676D61696C2E636F6D7372000E6A6176612E6C616E672E4C6F6E673B8BE490CC8F23DF0200014A000576616C7565787200106A6176612E6C616E672E4E756D62657286AC951D0B94E08B02000078700000000000000001'),
('923c3298-0230-4017-989a-a1936a3cedbf', 'avatar', X'ACED0005740000'),
('923c3298-0230-4017-989a-a1936a3cedbf', 'dob', X'ACED00057372000D6A6176612E74696D652E536572955D84BA1B2248B20C00007870770703000007E9011078'),
('923c3298-0230-4017-989a-a1936a3cedbf', 'email', X'ACED000574001073746166663140676D61696C2E636F6D'),
('923c3298-0230-4017-989a-a1936a3cedbf', 'fullName', X'ACED00057400184E68C3A26E205669C3AA6E205468E1BBA9204E68E1BAA574'),
('923c3298-0230-4017-989a-a1936a3cedbf', 'id', X'ACED00057372000E6A6176612E6C616E672E4C6F6E673B8BE490CC8F23DF0200014A000576616C7565787200106A6176612E6C616E672E4E756D62657286AC951D0B94E08B02000078700000000000000002'),
('923c3298-0230-4017-989a-a1936a3cedbf', 'role', X'ACED00057400055354414646'),
('923c3298-0230-4017-989a-a1936a3cedbf', 'SPRING_SECURITY_CONTEXT', X'ACED00057372003D6F72672E737072696E676672616D65776F726B2E73656375726974792E636F72652E636F6E746578742E5365637572697479436F6E74657874496D706C000000000000026C0200014C000E61757468656E7469636174696F6E7400324C6F72672F737072696E676672616D65776F726B2F73656375726974792F636F72652F41757468656E7469636174696F6E3B78707372004F6F72672E737072696E676672616D65776F726B2E73656375726974792E61757468656E7469636174696F6E2E557365726E616D6550617373776F726441757468656E7469636174696F6E546F6B656E000000000000026C0200024C000B63726564656E7469616C737400124C6A6176612F6C616E672F4F626A6563743B4C00097072696E636970616C71007E0004787200476F72672E737072696E676672616D65776F726B2E73656375726974792E61757468656E7469636174696F6E2E416273747261637441757468656E7469636174696F6E546F6B656ED3AA287E6E47640E0200035A000D61757468656E746963617465644C000B617574686F7269746965737400164C6A6176612F7574696C2F436F6C6C656374696F6E3B4C000764657461696C7371007E0004787001737200266A6176612E7574696C2E436F6C6C656374696F6E7324556E6D6F6469666961626C654C697374FC0F2531B5EC8E100200014C00046C6973747400104C6A6176612F7574696C2F4C6973743B7872002C6A6176612E7574696C2E436F6C6C656374696F6E7324556E6D6F6469666961626C65436F6C6C656374696F6E19420080CB5EF71E0200014C00016371007E00067870737200136A6176612E7574696C2E41727261794C6973747881D21D99C7619D03000149000473697A65787000000001770400000001737200426F72672E737072696E676672616D65776F726B2E73656375726974792E636F72652E617574686F726974792E53696D706C654772616E746564417574686F72697479000000000000026C0200014C0004726F6C657400124C6A6176612F6C616E672F537472696E673B787074000A524F4C455F53544146467871007E000D737200486F72672E737072696E676672616D65776F726B2E73656375726974792E7765622E61757468656E7469636174696F6E2E57656241757468656E7469636174696F6E44657461696C73000000000000026C0200024C000D72656D6F74654164647265737371007E000F4C000973657373696F6E496471007E000F787074000F303A303A303A303A303A303A303A3174002437343564323163662D383230652D343833392D386438342D353432393737326438663161707372002A7377702E7365313934316A762E706C732E736572766963652E437573746F6D5573657244657461696C7390D0AE44B0B793110200014C00067573657249647400104C6A6176612F6C616E672F4C6F6E673B787200326F72672E737072696E676672616D65776F726B2E73656375726974792E636F72652E7573657264657461696C732E55736572000000000000026C0200075A00116163636F756E744E6F6E457870697265645A00106163636F756E744E6F6E4C6F636B65645A001563726564656E7469616C734E6F6E457870697265645A0007656E61626C65644C000B617574686F72697469657374000F4C6A6176612F7574696C2F5365743B4C000870617373776F726471007E000F4C0008757365726E616D6571007E000F787001010101737200256A6176612E7574696C2E436F6C6C656374696F6E7324556E6D6F6469666961626C65536574801D92D18F9B80550200007871007E000A737200116A6176612E7574696C2E54726565536574DD98509395ED875B0300007870737200466F72672E737072696E676672616D65776F726B2E73656375726974792E636F72652E7573657264657461696C732E5573657224417574686F72697479436F6D70617261746F72000000000000026C020000787077040000000171007E0010787074001073746166663140676D61696C2E636F6D7372000E6A6176612E6C616E672E4C6F6E673B8BE490CC8F23DF0200014A000576616C7565787200106A6176612E6C616E672E4E756D62657286AC951D0B94E08B02000078700000000000000002'),
('923c3298-0230-4017-989a-a1936a3cedbf', 'SPRING_SECURITY_SAVED_REQUEST', X'ACED0005737200416F72672E737072696E676672616D65776F726B2E73656375726974792E7765622E7361766564726571756573742E44656661756C74536176656452657175657374000000000000026C02000F49000A736572766572506F72744C000B636F6E74657874506174687400124C6A6176612F6C616E672F537472696E673B4C0007636F6F6B6965737400154C6A6176612F7574696C2F41727261794C6973743B4C00076865616465727374000F4C6A6176612F7574696C2F4D61703B4C00076C6F63616C657371007E00024C001C6D61746368696E6752657175657374506172616D657465724E616D6571007E00014C00066D6574686F6471007E00014C000A706172616D657465727371007E00034C000870617468496E666F71007E00014C000B7175657279537472696E6771007E00014C000A7265717565737455524971007E00014C000A7265717565737455524C71007E00014C0006736368656D6571007E00014C000A7365727665724E616D6571007E00014C000B736572766C65745061746871007E00017870000015B3740000737200136A6176612E7574696C2E41727261794C6973747881D21D99C7619D03000149000473697A65787000000001770400000001737200396F72672E737072696E676672616D65776F726B2E73656375726974792E7765622E7361766564726571756573742E5361766564436F6F6B6965000000000000026C0200084900066D61784167655A000673656375726549000776657273696F6E4C0007636F6D6D656E7471007E00014C0006646F6D61696E71007E00014C00046E616D6571007E00014C00047061746871007E00014C000576616C756571007E00017870FFFFFFFF0000000000707074000753455353494F4E707400304E7A51315A444978593259744F4449775A5330304F444D354C54686B4F4451744E5451794F5463334D6D51345A6A466878737200116A6176612E7574696C2E547265654D61700CC1F63E2D256AE60300014C000A636F6D70617261746F727400164C6A6176612F7574696C2F436F6D70617261746F723B78707372002A6A6176612E6C616E672E537472696E672443617365496E73656E736974697665436F6D70617261746F7277035C7D5C50E5CE020000787077040000000E7400066163636570747371007E0006000000017704000000017400032A2F2A7874000F6163636570742D656E636F64696E677371007E000600000001770400000001740017677A69702C206465666C6174652C2062722C207A7374647874000F6163636570742D6C616E67756167657371007E00060000000177040000000174000E76692D564E2C76693B713D302E397874000A636F6E6E656374696F6E7371007E00060000000177040000000174000A6B6565702D616C69766578740006636F6F6B69657371007E00060000000177040000000174003853455353494F4E3D4E7A51315A444978593259744F4449775A5330304F444D354C54686B4F4451744E5451794F5463334D6D51345A6A466878740004686F73747371007E00060000000177040000000174000E6C6F63616C686F73743A3535353578740007726566657265727371007E000600000001770400000001740016687474703A2F2F6C6F63616C686F73743A353535352F787400097365632D63682D75617371007E000600000001770400000001740040224E6F7429413B4272616E64223B763D2238222C20224368726F6D69756D223B763D22313338222C2022476F6F676C65204368726F6D65223B763D2231333822787400107365632D63682D75612D6D6F62696C657371007E0006000000017704000000017400023F30787400127365632D63682D75612D706C6174666F726D7371007E0006000000017704000000017400092257696E646F7773227874000E7365632D66657463682D646573747371007E000600000001770400000001740005656D7074797874000E7365632D66657463682D6D6F64657371007E000600000001770400000001740004636F72737874000E7365632D66657463682D736974657371007E00060000000177040000000174000B73616D652D6F726967696E7874000A757365722D6167656E747371007E00060000000177040000000174006F4D6F7A696C6C612F352E30202857696E646F7773204E542031302E303B2057696E36343B2078363429204170706C655765624B69742F3533372E333620284B48544D4C2C206C696B65204765636B6F29204368726F6D652F3133382E302E302E30205361666172692F3533372E333678787371007E000600000002770400000002737200106A6176612E7574696C2E4C6F63616C657EF811609C30F9EC03000649000868617368636F64654C0007636F756E74727971007E00014C000A657874656E73696F6E7371007E00014C00086C616E677561676571007E00014C000673637269707471007E00014C000776617269616E7471007E00017870FFFFFFFF740002564E71007E0005740002766971007E000571007E0005787371007E003CFFFFFFFF71007E000571007E000571007E003F71007E000571007E00057878740008636F6E74696E75657400034745547371007E000C707704000000007870707400212F6E6F74696669636174696F6E2F636C69656E742F756E726561642D636F756E74740036687474703A2F2F6C6F63616C686F73743A353535352F6E6F74696669636174696F6E2F636C69656E742F756E726561642D636F756E74740004687474707400096C6F63616C686F73747400212F6E6F74696669636174696F6E2F636C69656E742F756E726561642D636F756E74'),
('96080ad1-73b8-4205-a025-fb6e85253fd4', 'avatar', X'ACED0005740000'),
('96080ad1-73b8-4205-a025-fb6e85253fd4', 'dob', X'ACED00057372000D6A6176612E74696D652E536572955D84BA1B2248B20C00007870770703000007E9011078'),
('96080ad1-73b8-4205-a025-fb6e85253fd4', 'email', X'ACED0005740011706172656E743140676D61696C2E636F6D'),
('96080ad1-73b8-4205-a025-fb6e85253fd4', 'fullName', X'ACED000574000D5068E1BBA5206875796E682031'),
('96080ad1-73b8-4205-a025-fb6e85253fd4', 'id', X'ACED00057372000E6A6176612E6C616E672E4C6F6E673B8BE490CC8F23DF0200014A000576616C7565787200106A6176612E6C616E672E4E756D62657286AC951D0B94E08B02000078700000000000000007'),
('96080ad1-73b8-4205-a025-fb6e85253fd4', 'jakarta.servlet.jsp.jstl.fmt.request.charset', X'ACED00057400055554462D38'),
('96080ad1-73b8-4205-a025-fb6e85253fd4', 'role', X'ACED0005740006504152454E54'),
('96080ad1-73b8-4205-a025-fb6e85253fd4', 'SPRING_SECURITY_CONTEXT', X'ACED00057372003D6F72672E737072696E676672616D65776F726B2E73656375726974792E636F72652E636F6E746578742E5365637572697479436F6E74657874496D706C000000000000026C0200014C000E61757468656E7469636174696F6E7400324C6F72672F737072696E676672616D65776F726B2F73656375726974792F636F72652F41757468656E7469636174696F6E3B78707372004F6F72672E737072696E676672616D65776F726B2E73656375726974792E61757468656E7469636174696F6E2E557365726E616D6550617373776F726441757468656E7469636174696F6E546F6B656E000000000000026C0200024C000B63726564656E7469616C737400124C6A6176612F6C616E672F4F626A6563743B4C00097072696E636970616C71007E0004787200476F72672E737072696E676672616D65776F726B2E73656375726974792E61757468656E7469636174696F6E2E416273747261637441757468656E7469636174696F6E546F6B656ED3AA287E6E47640E0200035A000D61757468656E746963617465644C000B617574686F7269746965737400164C6A6176612F7574696C2F436F6C6C656374696F6E3B4C000764657461696C7371007E0004787001737200266A6176612E7574696C2E436F6C6C656374696F6E7324556E6D6F6469666961626C654C697374FC0F2531B5EC8E100200014C00046C6973747400104C6A6176612F7574696C2F4C6973743B7872002C6A6176612E7574696C2E436F6C6C656374696F6E7324556E6D6F6469666961626C65436F6C6C656374696F6E19420080CB5EF71E0200014C00016371007E00067870737200136A6176612E7574696C2E41727261794C6973747881D21D99C7619D03000149000473697A65787000000001770400000001737200426F72672E737072696E676672616D65776F726B2E73656375726974792E636F72652E617574686F726974792E53696D706C654772616E746564417574686F72697479000000000000026C0200014C0004726F6C657400124C6A6176612F6C616E672F537472696E673B787074000B524F4C455F504152454E547871007E000D737200486F72672E737072696E676672616D65776F726B2E73656375726974792E7765622E61757468656E7469636174696F6E2E57656241757468656E7469636174696F6E44657461696C73000000000000026C0200024C000D72656D6F74654164647265737371007E000F4C000973657373696F6E496471007E000F787074000F303A303A303A303A303A303A303A3174002436343966376432612D366635632D346138612D616233642D626666383363666631373066707372002A7377702E7365313934316A762E706C732E736572766963652E437573746F6D5573657244657461696C7390D0AE44B0B793110200014C00067573657249647400104C6A6176612F6C616E672F4C6F6E673B787200326F72672E737072696E676672616D65776F726B2E73656375726974792E636F72652E7573657264657461696C732E55736572000000000000026C0200075A00116163636F756E744E6F6E457870697265645A00106163636F756E744E6F6E4C6F636B65645A001563726564656E7469616C734E6F6E457870697265645A0007656E61626C65644C000B617574686F72697469657374000F4C6A6176612F7574696C2F5365743B4C000870617373776F726471007E000F4C0008757365726E616D6571007E000F787001010101737200256A6176612E7574696C2E436F6C6C656374696F6E7324556E6D6F6469666961626C65536574801D92D18F9B80550200007871007E000A737200116A6176612E7574696C2E54726565536574DD98509395ED875B0300007870737200466F72672E737072696E676672616D65776F726B2E73656375726974792E636F72652E7573657264657461696C732E5573657224417574686F72697479436F6D70617261746F72000000000000026C020000787077040000000171007E00107870740011706172656E743140676D61696C2E636F6D7372000E6A6176612E6C616E672E4C6F6E673B8BE490CC8F23DF0200014A000576616C7565787200106A6176612E6C616E672E4E756D62657286AC951D0B94E08B02000078700000000000000007'),
('99038a54-f365-4362-824b-245537e609e7', 'avatar', X'ACED0005740000'),
('99038a54-f365-4362-824b-245537e609e7', 'dob', X'ACED00057372000D6A6176612E74696D652E536572955D84BA1B2248B20C00007870770703000007E9011078'),
('99038a54-f365-4362-824b-245537e609e7', 'email', X'ACED0005740012636F6E74656E743140676D61696C2E636F6D'),
('99038a54-f365-4362-824b-245537e609e7', 'fullName', X'ACED00057400175155E1BAA24E204CC3BD206EE1BB99692064756E672031'),
('99038a54-f365-4362-824b-245537e609e7', 'id', X'ACED00057372000E6A6176612E6C616E672E4C6F6E673B8BE490CC8F23DF0200014A000576616C7565787200106A6176612E6C616E672E4E756D62657286AC951D0B94E08B02000078700000000000000005'),
('99038a54-f365-4362-824b-245537e609e7', 'jakarta.servlet.jsp.jstl.fmt.request.charset', X'ACED00057400055554462D38'),
('99038a54-f365-4362-824b-245537e609e7', 'role', X'ACED000574000F434F4E54454E545F4D414E41474552'),
('99038a54-f365-4362-824b-245537e609e7', 'SPRING_SECURITY_CONTEXT', X'ACED00057372003D6F72672E737072696E676672616D65776F726B2E73656375726974792E636F72652E636F6E746578742E5365637572697479436F6E74657874496D706C000000000000026C0200014C000E61757468656E7469636174696F6E7400324C6F72672F737072696E676672616D65776F726B2F73656375726974792F636F72652F41757468656E7469636174696F6E3B78707372004F6F72672E737072696E676672616D65776F726B2E73656375726974792E61757468656E7469636174696F6E2E557365726E616D6550617373776F726441757468656E7469636174696F6E546F6B656E000000000000026C0200024C000B63726564656E7469616C737400124C6A6176612F6C616E672F4F626A6563743B4C00097072696E636970616C71007E0004787200476F72672E737072696E676672616D65776F726B2E73656375726974792E61757468656E7469636174696F6E2E416273747261637441757468656E7469636174696F6E546F6B656ED3AA287E6E47640E0200035A000D61757468656E746963617465644C000B617574686F7269746965737400164C6A6176612F7574696C2F436F6C6C656374696F6E3B4C000764657461696C7371007E0004787001737200266A6176612E7574696C2E436F6C6C656374696F6E7324556E6D6F6469666961626C654C697374FC0F2531B5EC8E100200014C00046C6973747400104C6A6176612F7574696C2F4C6973743B7872002C6A6176612E7574696C2E436F6C6C656374696F6E7324556E6D6F6469666961626C65436F6C6C656374696F6E19420080CB5EF71E0200014C00016371007E00067870737200136A6176612E7574696C2E41727261794C6973747881D21D99C7619D03000149000473697A65787000000001770400000001737200426F72672E737072696E676672616D65776F726B2E73656375726974792E636F72652E617574686F726974792E53696D706C654772616E746564417574686F72697479000000000000026C0200014C0004726F6C657400124C6A6176612F6C616E672F537472696E673B7870740014524F4C455F434F4E54454E545F4D414E414745527871007E000D737200486F72672E737072696E676672616D65776F726B2E73656375726974792E7765622E61757468656E7469636174696F6E2E57656241757468656E7469636174696F6E44657461696C73000000000000026C0200024C000D72656D6F74654164647265737371007E000F4C000973657373696F6E496471007E000F787074000F303A303A303A303A303A303A303A3174002436353533396134342D636338642D343033382D393761362D393663396662643738333431707372002A7377702E7365313934316A762E706C732E736572766963652E437573746F6D5573657244657461696C7390D0AE44B0B793110200014C00067573657249647400104C6A6176612F6C616E672F4C6F6E673B787200326F72672E737072696E676672616D65776F726B2E73656375726974792E636F72652E7573657264657461696C732E55736572000000000000026C0200075A00116163636F756E744E6F6E457870697265645A00106163636F756E744E6F6E4C6F636B65645A001563726564656E7469616C734E6F6E457870697265645A0007656E61626C65644C000B617574686F72697469657374000F4C6A6176612F7574696C2F5365743B4C000870617373776F726471007E000F4C0008757365726E616D6571007E000F787001010101737200256A6176612E7574696C2E436F6C6C656374696F6E7324556E6D6F6469666961626C65536574801D92D18F9B80550200007871007E000A737200116A6176612E7574696C2E54726565536574DD98509395ED875B0300007870737200466F72672E737072696E676672616D65776F726B2E73656375726974792E636F72652E7573657264657461696C732E5573657224417574686F72697479436F6D70617261746F72000000000000026C020000787077040000000171007E00107870740012636F6E74656E743140676D61696C2E636F6D7372000E6A6176612E6C616E672E4C6F6E673B8BE490CC8F23DF0200014A000576616C7565787200106A6176612E6C616E672E4E756D62657286AC951D0B94E08B02000078700000000000000005'),
('99038a54-f365-4362-824b-245537e609e7', 'SPRING_SECURITY_SAVED_REQUEST', X'ACED0005737200416F72672E737072696E676672616D65776F726B2E73656375726974792E7765622E7361766564726571756573742E44656661756C74536176656452657175657374000000000000026C02000F49000A736572766572506F72744C000B636F6E74657874506174687400124C6A6176612F6C616E672F537472696E673B4C0007636F6F6B6965737400154C6A6176612F7574696C2F41727261794C6973743B4C00076865616465727374000F4C6A6176612F7574696C2F4D61703B4C00076C6F63616C657371007E00024C001C6D61746368696E6752657175657374506172616D657465724E616D6571007E00014C00066D6574686F6471007E00014C000A706172616D657465727371007E00034C000870617468496E666F71007E00014C000B7175657279537472696E6771007E00014C000A7265717565737455524971007E00014C000A7265717565737455524C71007E00014C0006736368656D6571007E00014C000A7365727665724E616D6571007E00014C000B736572766C65745061746871007E00017870000015B3740000737200136A6176612E7574696C2E41727261794C6973747881D21D99C7619D03000149000473697A6578700000000077040000000078737200116A6176612E7574696C2E547265654D61700CC1F63E2D256AE60300014C000A636F6D70617261746F727400164C6A6176612F7574696C2F436F6D70617261746F723B78707372002A6A6176612E6C616E672E537472696E672443617365496E73656E736974697665436F6D70617261746F7277035C7D5C50E5CE020000787077040000000E7400066163636570747371007E000600000001770400000001740087746578742F68746D6C2C6170706C69636174696F6E2F7868746D6C2B786D6C2C6170706C69636174696F6E2F786D6C3B713D302E392C696D6167652F617669662C696D6167652F776562702C696D6167652F61706E672C2A2F2A3B713D302E382C6170706C69636174696F6E2F7369676E65642D65786368616E67653B763D62333B713D302E377874000F6163636570742D656E636F64696E677371007E000600000001770400000001740017677A69702C206465666C6174652C2062722C207A7374647874000F6163636570742D6C616E67756167657371007E00060000000177040000000174000E76692D564E2C76693B713D302E397874000A636F6E6E656374696F6E7371007E00060000000177040000000174000A6B6565702D616C69766578740004686F73747371007E00060000000177040000000174000E6C6F63616C686F73743A35353535787400097365632D63682D75617371007E000600000001770400000001740040224E6F7429413B4272616E64223B763D2238222C20224368726F6D69756D223B763D22313338222C2022476F6F676C65204368726F6D65223B763D2231333822787400107365632D63682D75612D6D6F62696C657371007E0006000000017704000000017400023F30787400127365632D63682D75612D706C6174666F726D7371007E0006000000017704000000017400092257696E646F7773227874000E7365632D66657463682D646573747371007E000600000001770400000001740008646F63756D656E747874000E7365632D66657463682D6D6F64657371007E0006000000017704000000017400086E617669676174657874000E7365632D66657463682D736974657371007E0006000000017704000000017400046E6F6E657874000E7365632D66657463682D757365727371007E0006000000017704000000017400023F3178740019757067726164652D696E7365637572652D72657175657374737371007E000600000001770400000001740001317874000A757365722D6167656E747371007E00060000000177040000000174006F4D6F7A696C6C612F352E30202857696E646F7773204E542031302E303B2057696E36343B2078363429204170706C655765624B69742F3533372E333620284B48544D4C2C206C696B65204765636B6F29204368726F6D652F3133382E302E302E30205361666172692F3533372E333678787371007E000600000002770400000002737200106A6176612E7574696C2E4C6F63616C657EF811609C30F9EC03000649000868617368636F64654C0007636F756E74727971007E00014C000A657874656E73696F6E7371007E00014C00086C616E677561676571007E00014C000673637269707471007E00014C000776617269616E7471007E00017870FFFFFFFF740002564E71007E0005740002766971007E000571007E0005787371007E0038FFFFFFFF71007E000571007E000571007E003B71007E000571007E00057878740008636F6E74696E75657400034745547371007E0008707704000000007870707400082F726573756C747374001D687474703A2F2F6C6F63616C686F73743A353535352F726573756C7473740004687474707400096C6F63616C686F73747400082F726573756C7473'),
('a12bb2fa-83e4-483a-ab0f-79829b2b526b', 'avatar', X'ACED0005740000'),
('a12bb2fa-83e4-483a-ab0f-79829b2b526b', 'dob', X'ACED00057372000D6A6176612E74696D652E536572955D84BA1B2248B20C00007870770703000007E9011078'),
('a12bb2fa-83e4-483a-ab0f-79829b2b526b', 'email', X'ACED0005740012636F6E74656E743140676D61696C2E636F6D'),
('a12bb2fa-83e4-483a-ab0f-79829b2b526b', 'fullName', X'ACED00057400144E677579E1BB856E2056C4836E204869E1BABF75'),
('a12bb2fa-83e4-483a-ab0f-79829b2b526b', 'id', X'ACED00057372000E6A6176612E6C616E672E4C6F6E673B8BE490CC8F23DF0200014A000576616C7565787200106A6176612E6C616E672E4E756D62657286AC951D0B94E08B02000078700000000000000005'),
('a12bb2fa-83e4-483a-ab0f-79829b2b526b', 'jakarta.servlet.jsp.jstl.fmt.request.charset', X'ACED00057400055554462D38'),
('a12bb2fa-83e4-483a-ab0f-79829b2b526b', 'role', X'ACED000574000F434F4E54454E545F4D414E41474552'),
('a12bb2fa-83e4-483a-ab0f-79829b2b526b', 'SPRING_SECURITY_CONTEXT', X'ACED00057372003D6F72672E737072696E676672616D65776F726B2E73656375726974792E636F72652E636F6E746578742E5365637572697479436F6E74657874496D706C000000000000026C0200014C000E61757468656E7469636174696F6E7400324C6F72672F737072696E676672616D65776F726B2F73656375726974792F636F72652F41757468656E7469636174696F6E3B78707372004F6F72672E737072696E676672616D65776F726B2E73656375726974792E61757468656E7469636174696F6E2E557365726E616D6550617373776F726441757468656E7469636174696F6E546F6B656E000000000000026C0200024C000B63726564656E7469616C737400124C6A6176612F6C616E672F4F626A6563743B4C00097072696E636970616C71007E0004787200476F72672E737072696E676672616D65776F726B2E73656375726974792E61757468656E7469636174696F6E2E416273747261637441757468656E7469636174696F6E546F6B656ED3AA287E6E47640E0200035A000D61757468656E746963617465644C000B617574686F7269746965737400164C6A6176612F7574696C2F436F6C6C656374696F6E3B4C000764657461696C7371007E0004787001737200266A6176612E7574696C2E436F6C6C656374696F6E7324556E6D6F6469666961626C654C697374FC0F2531B5EC8E100200014C00046C6973747400104C6A6176612F7574696C2F4C6973743B7872002C6A6176612E7574696C2E436F6C6C656374696F6E7324556E6D6F6469666961626C65436F6C6C656374696F6E19420080CB5EF71E0200014C00016371007E00067870737200136A6176612E7574696C2E41727261794C6973747881D21D99C7619D03000149000473697A65787000000001770400000001737200426F72672E737072696E676672616D65776F726B2E73656375726974792E636F72652E617574686F726974792E53696D706C654772616E746564417574686F72697479000000000000026C0200014C0004726F6C657400124C6A6176612F6C616E672F537472696E673B7870740014524F4C455F434F4E54454E545F4D414E414745527871007E000D737200486F72672E737072696E676672616D65776F726B2E73656375726974792E7765622E61757468656E7469636174696F6E2E57656241757468656E7469636174696F6E44657461696C73000000000000026C0200024C000D72656D6F74654164647265737371007E000F4C000973657373696F6E496471007E000F787074000F303A303A303A303A303A303A303A3174002430396337343433392D316635342D343639612D626561642D643732376266313038383166707372002A7377702E7365313934316A762E706C732E736572766963652E437573746F6D5573657244657461696C7390D0AE44B0B793110200014C00067573657249647400104C6A6176612F6C616E672F4C6F6E673B787200326F72672E737072696E676672616D65776F726B2E73656375726974792E636F72652E7573657264657461696C732E55736572000000000000026C0200075A00116163636F756E744E6F6E457870697265645A00106163636F756E744E6F6E4C6F636B65645A001563726564656E7469616C734E6F6E457870697265645A0007656E61626C65644C000B617574686F72697469657374000F4C6A6176612F7574696C2F5365743B4C000870617373776F726471007E000F4C0008757365726E616D6571007E000F787001010101737200256A6176612E7574696C2E436F6C6C656374696F6E7324556E6D6F6469666961626C65536574801D92D18F9B80550200007871007E000A737200116A6176612E7574696C2E54726565536574DD98509395ED875B0300007870737200466F72672E737072696E676672616D65776F726B2E73656375726974792E636F72652E7573657264657461696C732E5573657224417574686F72697479436F6D70617261746F72000000000000026C020000787077040000000171007E00107870740012636F6E74656E743140676D61696C2E636F6D7372000E6A6176612E6C616E672E4C6F6E673B8BE490CC8F23DF0200014A000576616C7565787200106A6176612E6C616E672E4E756D62657286AC951D0B94E08B02000078700000000000000005'),
('a13f001e-f887-4047-aa86-719cf59259d4', 'avatar', X'ACED0005740000'),
('a13f001e-f887-4047-aa86-719cf59259d4', 'dob', X'ACED00057372000D6A6176612E74696D652E536572955D84BA1B2248B20C00007870770703000007E9011078'),
('a13f001e-f887-4047-aa86-719cf59259d4', 'email', X'ACED0005740012636F6E74656E743140676D61696C2E636F6D'),
('a13f001e-f887-4047-aa86-719cf59259d4', 'fullName', X'ACED00057400175155E1BAA24E204CC3BD206EE1BB99692064756E672031'),
('a13f001e-f887-4047-aa86-719cf59259d4', 'id', X'ACED00057372000E6A6176612E6C616E672E4C6F6E673B8BE490CC8F23DF0200014A000576616C7565787200106A6176612E6C616E672E4E756D62657286AC951D0B94E08B02000078700000000000000005'),
('a13f001e-f887-4047-aa86-719cf59259d4', 'jakarta.servlet.jsp.jstl.fmt.request.charset', X'ACED00057400055554462D38'),
('a13f001e-f887-4047-aa86-719cf59259d4', 'role', X'ACED000574000F434F4E54454E545F4D414E41474552'),
('a13f001e-f887-4047-aa86-719cf59259d4', 'SPRING_SECURITY_CONTEXT', X'ACED00057372003D6F72672E737072696E676672616D65776F726B2E73656375726974792E636F72652E636F6E746578742E5365637572697479436F6E74657874496D706C000000000000026C0200014C000E61757468656E7469636174696F6E7400324C6F72672F737072696E676672616D65776F726B2F73656375726974792F636F72652F41757468656E7469636174696F6E3B78707372004F6F72672E737072696E676672616D65776F726B2E73656375726974792E61757468656E7469636174696F6E2E557365726E616D6550617373776F726441757468656E7469636174696F6E546F6B656E000000000000026C0200024C000B63726564656E7469616C737400124C6A6176612F6C616E672F4F626A6563743B4C00097072696E636970616C71007E0004787200476F72672E737072696E676672616D65776F726B2E73656375726974792E61757468656E7469636174696F6E2E416273747261637441757468656E7469636174696F6E546F6B656ED3AA287E6E47640E0200035A000D61757468656E746963617465644C000B617574686F7269746965737400164C6A6176612F7574696C2F436F6C6C656374696F6E3B4C000764657461696C7371007E0004787001737200266A6176612E7574696C2E436F6C6C656374696F6E7324556E6D6F6469666961626C654C697374FC0F2531B5EC8E100200014C00046C6973747400104C6A6176612F7574696C2F4C6973743B7872002C6A6176612E7574696C2E436F6C6C656374696F6E7324556E6D6F6469666961626C65436F6C6C656374696F6E19420080CB5EF71E0200014C00016371007E00067870737200136A6176612E7574696C2E41727261794C6973747881D21D99C7619D03000149000473697A65787000000001770400000001737200426F72672E737072696E676672616D65776F726B2E73656375726974792E636F72652E617574686F726974792E53696D706C654772616E746564417574686F72697479000000000000026C0200014C0004726F6C657400124C6A6176612F6C616E672F537472696E673B7870740014524F4C455F434F4E54454E545F4D414E414745527871007E000D737200486F72672E737072696E676672616D65776F726B2E73656375726974792E7765622E61757468656E7469636174696F6E2E57656241757468656E7469636174696F6E44657461696C73000000000000026C0200024C000D72656D6F74654164647265737371007E000F4C000973657373696F6E496471007E000F787074000F303A303A303A303A303A303A303A3174002465396663386432622D623639642D343438392D386138352D623363623338366137633163707372002A7377702E7365313934316A762E706C732E736572766963652E437573746F6D5573657244657461696C7390D0AE44B0B793110200014C00067573657249647400104C6A6176612F6C616E672F4C6F6E673B787200326F72672E737072696E676672616D65776F726B2E73656375726974792E636F72652E7573657264657461696C732E55736572000000000000026C0200075A00116163636F756E744E6F6E457870697265645A00106163636F756E744E6F6E4C6F636B65645A001563726564656E7469616C734E6F6E457870697265645A0007656E61626C65644C000B617574686F72697469657374000F4C6A6176612F7574696C2F5365743B4C000870617373776F726471007E000F4C0008757365726E616D6571007E000F787001010101737200256A6176612E7574696C2E436F6C6C656374696F6E7324556E6D6F6469666961626C65536574801D92D18F9B80550200007871007E000A737200116A6176612E7574696C2E54726565536574DD98509395ED875B0300007870737200466F72672E737072696E676672616D65776F726B2E73656375726974792E636F72652E7573657264657461696C732E5573657224417574686F72697479436F6D70617261746F72000000000000026C020000787077040000000171007E00107870740012636F6E74656E743140676D61696C2E636F6D7372000E6A6176612E6C616E672E4C6F6E673B8BE490CC8F23DF0200014A000576616C7565787200106A6176612E6C616E672E4E756D62657286AC951D0B94E08B02000078700000000000000005'),
('a26a3455-4d93-4d79-bdbb-990166ee6faa', 'dob', X'ACED00057372000D6A6176612E74696D652E536572955D84BA1B2248B20C00007870770703000007D4030878'),
('a26a3455-4d93-4d79-bdbb-990166ee6faa', 'email', X'ACED000574000F61646D696E40676D61696C2E636F6D'),
('a26a3455-4d93-4d79-bdbb-990166ee6faa', 'fullName', X'ACED000574000561646D696E'),
('a26a3455-4d93-4d79-bdbb-990166ee6faa', 'id', X'ACED00057372000E6A6176612E6C616E672E4C6F6E673B8BE490CC8F23DF0200014A000576616C7565787200106A6176612E6C616E672E4E756D62657286AC951D0B94E08B02000078700000000000000001'),
('a26a3455-4d93-4d79-bdbb-990166ee6faa', 'jakarta.servlet.jsp.jstl.fmt.request.charset', X'ACED00057400055554462D38'),
('a26a3455-4d93-4d79-bdbb-990166ee6faa', 'role', X'ACED000574000541444D494E'),
('a26a3455-4d93-4d79-bdbb-990166ee6faa', 'SPRING_SECURITY_CONTEXT', X'ACED00057372003D6F72672E737072696E676672616D65776F726B2E73656375726974792E636F72652E636F6E746578742E5365637572697479436F6E74657874496D706C000000000000026C0200014C000E61757468656E7469636174696F6E7400324C6F72672F737072696E676672616D65776F726B2F73656375726974792F636F72652F41757468656E7469636174696F6E3B78707372004F6F72672E737072696E676672616D65776F726B2E73656375726974792E61757468656E7469636174696F6E2E557365726E616D6550617373776F726441757468656E7469636174696F6E546F6B656E000000000000026C0200024C000B63726564656E7469616C737400124C6A6176612F6C616E672F4F626A6563743B4C00097072696E636970616C71007E0004787200476F72672E737072696E676672616D65776F726B2E73656375726974792E61757468656E7469636174696F6E2E416273747261637441757468656E7469636174696F6E546F6B656ED3AA287E6E47640E0200035A000D61757468656E746963617465644C000B617574686F7269746965737400164C6A6176612F7574696C2F436F6C6C656374696F6E3B4C000764657461696C7371007E0004787001737200266A6176612E7574696C2E436F6C6C656374696F6E7324556E6D6F6469666961626C654C697374FC0F2531B5EC8E100200014C00046C6973747400104C6A6176612F7574696C2F4C6973743B7872002C6A6176612E7574696C2E436F6C6C656374696F6E7324556E6D6F6469666961626C65436F6C6C656374696F6E19420080CB5EF71E0200014C00016371007E00067870737200136A6176612E7574696C2E41727261794C6973747881D21D99C7619D03000149000473697A65787000000001770400000001737200426F72672E737072696E676672616D65776F726B2E73656375726974792E636F72652E617574686F726974792E53696D706C654772616E746564417574686F72697479000000000000026C0200014C0004726F6C657400124C6A6176612F6C616E672F537472696E673B787074000A524F4C455F41444D494E7871007E000D737200486F72672E737072696E676672616D65776F726B2E73656375726974792E7765622E61757468656E7469636174696F6E2E57656241757468656E7469636174696F6E44657461696C73000000000000026C0200024C000D72656D6F74654164647265737371007E000F4C000973657373696F6E496471007E000F787074000F303A303A303A303A303A303A303A3174002462353337326139662D333538632D346564312D616232622D333338316538396232663865707372002A7377702E7365313934316A762E706C732E736572766963652E437573746F6D5573657244657461696C7390D0AE44B0B793110200014C00067573657249647400104C6A6176612F6C616E672F4C6F6E673B787200326F72672E737072696E676672616D65776F726B2E73656375726974792E636F72652E7573657264657461696C732E55736572000000000000026C0200075A00116163636F756E744E6F6E457870697265645A00106163636F756E744E6F6E4C6F636B65645A001563726564656E7469616C734E6F6E457870697265645A0007656E61626C65644C000B617574686F72697469657374000F4C6A6176612F7574696C2F5365743B4C000870617373776F726471007E000F4C0008757365726E616D6571007E000F787001010101737200256A6176612E7574696C2E436F6C6C656374696F6E7324556E6D6F6469666961626C65536574801D92D18F9B80550200007871007E000A737200116A6176612E7574696C2E54726565536574DD98509395ED875B0300007870737200466F72672E737072696E676672616D65776F726B2E73656375726974792E636F72652E7573657264657461696C732E5573657224417574686F72697479436F6D70617261746F72000000000000026C020000787077040000000171007E0010787074000F61646D696E40676D61696C2E636F6D7372000E6A6176612E6C616E672E4C6F6E673B8BE490CC8F23DF0200014A000576616C7565787200106A6176612E6C616E672E4E756D62657286AC951D0B94E08B02000078700000000000000001'),
('a26a3455-4d93-4d79-bdbb-990166ee6faa', 'SPRING_SECURITY_SAVED_REQUEST', X'ACED0005737200416F72672E737072696E676672616D65776F726B2E73656375726974792E7765622E7361766564726571756573742E44656661756C74536176656452657175657374000000000000026C02000F49000A736572766572506F72744C000B636F6E74657874506174687400124C6A6176612F6C616E672F537472696E673B4C0007636F6F6B6965737400154C6A6176612F7574696C2F41727261794C6973743B4C00076865616465727374000F4C6A6176612F7574696C2F4D61703B4C00076C6F63616C657371007E00024C001C6D61746368696E6752657175657374506172616D657465724E616D6571007E00014C00066D6574686F6471007E00014C000A706172616D657465727371007E00034C000870617468496E666F71007E00014C000B7175657279537472696E6771007E00014C000A7265717565737455524971007E00014C000A7265717565737455524C71007E00014C0006736368656D6571007E00014C000A7365727665724E616D6571007E00014C000B736572766C65745061746871007E00017870000015B3740000737200136A6176612E7574696C2E41727261794C6973747881D21D99C7619D03000149000473697A6578700000000077040000000078737200116A6176612E7574696C2E547265654D61700CC1F63E2D256AE60300014C000A636F6D70617261746F727400164C6A6176612F7574696C2F436F6D70617261746F723B78707372002A6A6176612E6C616E672E537472696E672443617365496E73656E736974697665436F6D70617261746F7277035C7D5C50E5CE02000078707704000000107400066163636570747371007E000600000001770400000001740087746578742F68746D6C2C6170706C69636174696F6E2F7868746D6C2B786D6C2C6170706C69636174696F6E2F786D6C3B713D302E392C696D6167652F617669662C696D6167652F776562702C696D6167652F61706E672C2A2F2A3B713D302E382C6170706C69636174696F6E2F7369676E65642D65786368616E67653B763D62333B713D302E377874000F6163636570742D656E636F64696E677371007E000600000001770400000001740017677A69702C206465666C6174652C2062722C207A7374647874000F6163636570742D6C616E67756167657371007E00060000000177040000000174000E656E2D55532C656E3B713D302E397874000A636F6E6E656374696F6E7371007E00060000000177040000000174000A6B6565702D616C69766578740004686F73747371007E00060000000177040000000174000E6C6F63616C686F73743A3535353578740007707572706F73657371007E0006000000017704000000017400087072656665746368787400097365632D63682D75617371007E000600000001770400000001740040224E6F7429413B4272616E64223B763D2238222C20224368726F6D69756D223B763D22313338222C2022476F6F676C65204368726F6D65223B763D2231333822787400107365632D63682D75612D6D6F62696C657371007E0006000000017704000000017400023F30787400127365632D63682D75612D706C6174666F726D7371007E0006000000017704000000017400092257696E646F7773227874000E7365632D66657463682D646573747371007E000600000001770400000001740008646F63756D656E747874000E7365632D66657463682D6D6F64657371007E0006000000017704000000017400086E617669676174657874000E7365632D66657463682D736974657371007E0006000000017704000000017400046E6F6E657874000E7365632D66657463682D757365727371007E0006000000017704000000017400023F317874000B7365632D707572706F73657371007E00060000000177040000000174001270726566657463683B70726572656E64657278740019757067726164652D696E7365637572652D72657175657374737371007E000600000001770400000001740001317874000A757365722D6167656E747371007E00060000000177040000000174006F4D6F7A696C6C612F352E30202857696E646F7773204E542031302E303B2057696E36343B2078363429204170706C655765624B69742F3533372E333620284B48544D4C2C206C696B65204765636B6F29204368726F6D652F3133382E302E302E30205361666172692F3533372E333678787371007E000600000002770400000002737200106A6176612E7574696C2E4C6F63616C657EF811609C30F9EC03000649000868617368636F64654C0007636F756E74727971007E00014C000A657874656E73696F6E7371007E00014C00086C616E677561676571007E00014C000673637269707471007E00014C000776617269616E7471007E00017870FFFFFFFF740002555371007E0005740002656E71007E000571007E0005787371007E003EFFFFFFFF71007E000571007E000571007E004171007E000571007E00057878740008636F6E74696E75657400034745547371007E0008707704000000007870707400062F61646D696E74001B687474703A2F2F6C6F63616C686F73743A353535352F61646D696E740004687474707400096C6F63616C686F73747400062F61646D696E'),
('bc5adbca-b559-4a61-903a-e1f2e4e1f612', 'avatar', X'ACED000574002839373066363932642D333335352D343936392D383363632D3034353463653632623433652E706E67'),
('bc5adbca-b559-4a61-903a-e1f2e4e1f612', 'dob', X'ACED00057372000D6A6176612E74696D652E536572955D84BA1B2248B20C00007870770703000007E9070A78'),
('bc5adbca-b559-4a61-903a-e1f2e4e1f612', 'email', X'ACED000574001273747564656E743140676D61696C2E636F6D'),
('bc5adbca-b559-4a61-903a-e1f2e4e1f612', 'fullName', X'ACED000574001768E1BB8D632073696E68207468E1BBA9206E68E1BAA574'),
('bc5adbca-b559-4a61-903a-e1f2e4e1f612', 'id', X'ACED00057372000E6A6176612E6C616E672E4C6F6E673B8BE490CC8F23DF0200014A000576616C7565787200106A6176612E6C616E672E4E756D62657286AC951D0B94E08B02000078700000000000000009'),
('bc5adbca-b559-4a61-903a-e1f2e4e1f612', 'jakarta.servlet.jsp.jstl.fmt.request.charset', X'ACED00057400055554462D38'),
('bc5adbca-b559-4a61-903a-e1f2e4e1f612', 'role', X'ACED000574000753545544454E54'),
('bc5adbca-b559-4a61-903a-e1f2e4e1f612', 'SPRING_SECURITY_CONTEXT', X'ACED00057372003D6F72672E737072696E676672616D65776F726B2E73656375726974792E636F72652E636F6E746578742E5365637572697479436F6E74657874496D706C000000000000026C0200014C000E61757468656E7469636174696F6E7400324C6F72672F737072696E676672616D65776F726B2F73656375726974792F636F72652F41757468656E7469636174696F6E3B78707372004F6F72672E737072696E676672616D65776F726B2E73656375726974792E61757468656E7469636174696F6E2E557365726E616D6550617373776F726441757468656E7469636174696F6E546F6B656E000000000000026C0200024C000B63726564656E7469616C737400124C6A6176612F6C616E672F4F626A6563743B4C00097072696E636970616C71007E0004787200476F72672E737072696E676672616D65776F726B2E73656375726974792E61757468656E7469636174696F6E2E416273747261637441757468656E7469636174696F6E546F6B656ED3AA287E6E47640E0200035A000D61757468656E746963617465644C000B617574686F7269746965737400164C6A6176612F7574696C2F436F6C6C656374696F6E3B4C000764657461696C7371007E0004787001737200266A6176612E7574696C2E436F6C6C656374696F6E7324556E6D6F6469666961626C654C697374FC0F2531B5EC8E100200014C00046C6973747400104C6A6176612F7574696C2F4C6973743B7872002C6A6176612E7574696C2E436F6C6C656374696F6E7324556E6D6F6469666961626C65436F6C6C656374696F6E19420080CB5EF71E0200014C00016371007E00067870737200136A6176612E7574696C2E41727261794C6973747881D21D99C7619D03000149000473697A65787000000001770400000001737200426F72672E737072696E676672616D65776F726B2E73656375726974792E636F72652E617574686F726974792E53696D706C654772616E746564417574686F72697479000000000000026C0200014C0004726F6C657400124C6A6176612F6C616E672F537472696E673B787074000C524F4C455F53545544454E547871007E000D737200486F72672E737072696E676672616D65776F726B2E73656375726974792E7765622E61757468656E7469636174696F6E2E57656241757468656E7469636174696F6E44657461696C73000000000000026C0200024C000D72656D6F74654164647265737371007E000F4C000973657373696F6E496471007E000F787074000F303A303A303A303A303A303A303A3174002465613065313063332D396564312D343261622D613836392D633963333937666666316337707372002A7377702E7365313934316A762E706C732E736572766963652E437573746F6D5573657244657461696C7390D0AE44B0B793110200014C00067573657249647400104C6A6176612F6C616E672F4C6F6E673B787200326F72672E737072696E676672616D65776F726B2E73656375726974792E636F72652E7573657264657461696C732E55736572000000000000026C0200075A00116163636F756E744E6F6E457870697265645A00106163636F756E744E6F6E4C6F636B65645A001563726564656E7469616C734E6F6E457870697265645A0007656E61626C65644C000B617574686F72697469657374000F4C6A6176612F7574696C2F5365743B4C000870617373776F726471007E000F4C0008757365726E616D6571007E000F787001010101737200256A6176612E7574696C2E436F6C6C656374696F6E7324556E6D6F6469666961626C65536574801D92D18F9B80550200007871007E000A737200116A6176612E7574696C2E54726565536574DD98509395ED875B0300007870737200466F72672E737072696E676672616D65776F726B2E73656375726974792E636F72652E7573657264657461696C732E5573657224417574686F72697479436F6D70617261746F72000000000000026C020000787077040000000171007E0010787074001273747564656E743140676D61696C2E636F6D7372000E6A6176612E6C616E672E4C6F6E673B8BE490CC8F23DF0200014A000576616C7565787200106A6176612E6C616E672E4E756D62657286AC951D0B94E08B02000078700000000000000009'),
('bfaae54d-254e-49c9-9cbb-6fc00bc8c13d', 'avatar', X'ACED000574002839373066363932642D333335352D343936392D383363632D3034353463653632623433652E706E67'),
('bfaae54d-254e-49c9-9cbb-6fc00bc8c13d', 'dob', X'ACED00057372000D6A6176612E74696D652E536572955D84BA1B2248B20C00007870770703000007E9070A78'),
('bfaae54d-254e-49c9-9cbb-6fc00bc8c13d', 'email', X'ACED000574001273747564656E743140676D61696C2E636F6D'),
('bfaae54d-254e-49c9-9cbb-6fc00bc8c13d', 'fullName', X'ACED000574001768E1BB8D632073696E68207468E1BBA9206E68E1BAA574'),
('bfaae54d-254e-49c9-9cbb-6fc00bc8c13d', 'id', X'ACED00057372000E6A6176612E6C616E672E4C6F6E673B8BE490CC8F23DF0200014A000576616C7565787200106A6176612E6C616E672E4E756D62657286AC951D0B94E08B02000078700000000000000009'),
('bfaae54d-254e-49c9-9cbb-6fc00bc8c13d', 'jakarta.servlet.jsp.jstl.fmt.request.charset', X'ACED00057400055554462D38'),
('bfaae54d-254e-49c9-9cbb-6fc00bc8c13d', 'role', X'ACED000574000753545544454E54'),
('bfaae54d-254e-49c9-9cbb-6fc00bc8c13d', 'SPRING_SECURITY_CONTEXT', X'ACED00057372003D6F72672E737072696E676672616D65776F726B2E73656375726974792E636F72652E636F6E746578742E5365637572697479436F6E74657874496D706C000000000000026C0200014C000E61757468656E7469636174696F6E7400324C6F72672F737072696E676672616D65776F726B2F73656375726974792F636F72652F41757468656E7469636174696F6E3B78707372004F6F72672E737072696E676672616D65776F726B2E73656375726974792E61757468656E7469636174696F6E2E557365726E616D6550617373776F726441757468656E7469636174696F6E546F6B656E000000000000026C0200024C000B63726564656E7469616C737400124C6A6176612F6C616E672F4F626A6563743B4C00097072696E636970616C71007E0004787200476F72672E737072696E676672616D65776F726B2E73656375726974792E61757468656E7469636174696F6E2E416273747261637441757468656E7469636174696F6E546F6B656ED3AA287E6E47640E0200035A000D61757468656E746963617465644C000B617574686F7269746965737400164C6A6176612F7574696C2F436F6C6C656374696F6E3B4C000764657461696C7371007E0004787001737200266A6176612E7574696C2E436F6C6C656374696F6E7324556E6D6F6469666961626C654C697374FC0F2531B5EC8E100200014C00046C6973747400104C6A6176612F7574696C2F4C6973743B7872002C6A6176612E7574696C2E436F6C6C656374696F6E7324556E6D6F6469666961626C65436F6C6C656374696F6E19420080CB5EF71E0200014C00016371007E00067870737200136A6176612E7574696C2E41727261794C6973747881D21D99C7619D03000149000473697A65787000000001770400000001737200426F72672E737072696E676672616D65776F726B2E73656375726974792E636F72652E617574686F726974792E53696D706C654772616E746564417574686F72697479000000000000026C0200014C0004726F6C657400124C6A6176612F6C616E672F537472696E673B787074000C524F4C455F53545544454E547871007E000D737200486F72672E737072696E676672616D65776F726B2E73656375726974792E7765622E61757468656E7469636174696F6E2E57656241757468656E7469636174696F6E44657461696C73000000000000026C0200024C000D72656D6F74654164647265737371007E000F4C000973657373696F6E496471007E000F787074000F303A303A303A303A303A303A303A3174002461616334343937392D636163352D343730622D613763622D613166336464383031303734707372002A7377702E7365313934316A762E706C732E736572766963652E437573746F6D5573657244657461696C7390D0AE44B0B793110200014C00067573657249647400104C6A6176612F6C616E672F4C6F6E673B787200326F72672E737072696E676672616D65776F726B2E73656375726974792E636F72652E7573657264657461696C732E55736572000000000000026C0200075A00116163636F756E744E6F6E457870697265645A00106163636F756E744E6F6E4C6F636B65645A001563726564656E7469616C734E6F6E457870697265645A0007656E61626C65644C000B617574686F72697469657374000F4C6A6176612F7574696C2F5365743B4C000870617373776F726471007E000F4C0008757365726E616D6571007E000F787001010101737200256A6176612E7574696C2E436F6C6C656374696F6E7324556E6D6F6469666961626C65536574801D92D18F9B80550200007871007E000A737200116A6176612E7574696C2E54726565536574DD98509395ED875B0300007870737200466F72672E737072696E676672616D65776F726B2E73656375726974792E636F72652E7573657264657461696C732E5573657224417574686F72697479436F6D70617261746F72000000000000026C020000787077040000000171007E0010787074001273747564656E743140676D61696C2E636F6D7372000E6A6176612E6C616E672E4C6F6E673B8BE490CC8F23DF0200014A000576616C7565787200106A6176612E6C616E672E4E756D62657286AC951D0B94E08B02000078700000000000000009'),
('bfaae54d-254e-49c9-9cbb-6fc00bc8c13d', 'SPRING_SECURITY_SAVED_REQUEST', X'ACED0005737200416F72672E737072696E676672616D65776F726B2E73656375726974792E7765622E7361766564726571756573742E44656661756C74536176656452657175657374000000000000026C02000F49000A736572766572506F72744C000B636F6E74657874506174687400124C6A6176612F6C616E672F537472696E673B4C0007636F6F6B6965737400154C6A6176612F7574696C2F41727261794C6973743B4C00076865616465727374000F4C6A6176612F7574696C2F4D61703B4C00076C6F63616C657371007E00024C001C6D61746368696E6752657175657374506172616D657465724E616D6571007E00014C00066D6574686F6471007E00014C000A706172616D657465727371007E00034C000870617468496E666F71007E00014C000B7175657279537472696E6771007E00014C000A7265717565737455524971007E00014C000A7265717565737455524C71007E00014C0006736368656D6571007E00014C000A7365727665724E616D6571007E00014C000B736572766C65745061746871007E00017870000015B3740000737200136A6176612E7574696C2E41727261794C6973747881D21D99C7619D03000149000473697A65787000000001770400000001737200396F72672E737072696E676672616D65776F726B2E73656375726974792E7765622E7361766564726571756573742E5361766564436F6F6B6965000000000000026C0200084900066D61784167655A000673656375726549000776657273696F6E4C0007636F6D6D656E7471007E00014C0006646F6D61696E71007E00014C00046E616D6571007E00014C00047061746871007E00014C000576616C756571007E00017870FFFFFFFF0000000000707074000753455353494F4E707400305957466A4E4451354E7A6B745932466A4E5330304E7A42694C574533593249745954466D4D32526B4F4441784D44633078737200116A6176612E7574696C2E547265654D61700CC1F63E2D256AE60300014C000A636F6D70617261746F727400164C6A6176612F7574696C2F436F6D70617261746F723B78707372002A6A6176612E6C616E672E537472696E672443617365496E73656E736974697665436F6D70617261746F7277035C7D5C50E5CE020000787077040000000E7400066163636570747371007E0006000000017704000000017400032A2F2A7874000F6163636570742D656E636F64696E677371007E000600000001770400000001740017677A69702C206465666C6174652C2062722C207A7374647874000F6163636570742D6C616E67756167657371007E00060000000177040000000174000E656E2D55532C656E3B713D302E397874000A636F6E6E656374696F6E7371007E00060000000177040000000174000A6B6565702D616C69766578740006636F6F6B69657371007E00060000000177040000000174003853455353494F4E3D5957466A4E4451354E7A6B745932466A4E5330304E7A42694C574533593249745954466D4D32526B4F4441784D44633078740004686F73747371007E00060000000177040000000174000E6C6F63616C686F73743A3535353578740007726566657265727371007E000600000001770400000001740016687474703A2F2F6C6F63616C686F73743A353535352F787400097365632D63682D75617371007E000600000001770400000001740040224E6F7429413B4272616E64223B763D2238222C20224368726F6D69756D223B763D22313338222C2022476F6F676C65204368726F6D65223B763D2231333822787400107365632D63682D75612D6D6F62696C657371007E0006000000017704000000017400023F30787400127365632D63682D75612D706C6174666F726D7371007E0006000000017704000000017400092257696E646F7773227874000E7365632D66657463682D646573747371007E000600000001770400000001740005656D7074797874000E7365632D66657463682D6D6F64657371007E000600000001770400000001740004636F72737874000E7365632D66657463682D736974657371007E00060000000177040000000174000B73616D652D6F726967696E7874000A757365722D6167656E747371007E00060000000177040000000174006F4D6F7A696C6C612F352E30202857696E646F7773204E542031302E303B2057696E36343B2078363429204170706C655765624B69742F3533372E333620284B48544D4C2C206C696B65204765636B6F29204368726F6D652F3133382E302E302E30205361666172692F3533372E333678787371007E000600000002770400000002737200106A6176612E7574696C2E4C6F63616C657EF811609C30F9EC03000649000868617368636F64654C0007636F756E74727971007E00014C000A657874656E73696F6E7371007E00014C00086C616E677561676571007E00014C000673637269707471007E00014C000776617269616E7471007E00017870FFFFFFFF740002555371007E0005740002656E71007E000571007E0005787371007E003CFFFFFFFF71007E000571007E000571007E003F71007E000571007E00057878740008636F6E74696E75657400034745547371007E000C707704000000007870707400212F6E6F74696669636174696F6E2F636C69656E742F756E726561642D636F756E74740036687474703A2F2F6C6F63616C686F73743A353535352F6E6F74696669636174696F6E2F636C69656E742F756E726561642D636F756E74740004687474707400096C6F63616C686F73747400212F6E6F74696669636174696F6E2F636C69656E742F756E726561642D636F756E74'),
('c2009922-f781-42f1-a8ad-cb0502741bb2', 'dob', X'ACED00057372000D6A6176612E74696D652E536572955D84BA1B2248B20C00007870770703000007E9070A78'),
('c2009922-f781-42f1-a8ad-cb0502741bb2', 'email', X'ACED000574001273747564656E743240676D61696C2E636F6D'),
('c2009922-f781-42f1-a8ad-cb0502741bb2', 'fullName', X'ACED000574001468E1BB8D632073696E68207468E1BBA920686169'),
('c2009922-f781-42f1-a8ad-cb0502741bb2', 'id', X'ACED00057372000E6A6176612E6C616E672E4C6F6E673B8BE490CC8F23DF0200014A000576616C7565787200106A6176612E6C616E672E4E756D62657286AC951D0B94E08B0200007870000000000000000A'),
('c2009922-f781-42f1-a8ad-cb0502741bb2', 'role', X'ACED000574000753545544454E54'),
('c2009922-f781-42f1-a8ad-cb0502741bb2', 'SPRING_SECURITY_CONTEXT', X'ACED00057372003D6F72672E737072696E676672616D65776F726B2E73656375726974792E636F72652E636F6E746578742E5365637572697479436F6E74657874496D706C000000000000026C0200014C000E61757468656E7469636174696F6E7400324C6F72672F737072696E676672616D65776F726B2F73656375726974792F636F72652F41757468656E7469636174696F6E3B78707372004F6F72672E737072696E676672616D65776F726B2E73656375726974792E61757468656E7469636174696F6E2E557365726E616D6550617373776F726441757468656E7469636174696F6E546F6B656E000000000000026C0200024C000B63726564656E7469616C737400124C6A6176612F6C616E672F4F626A6563743B4C00097072696E636970616C71007E0004787200476F72672E737072696E676672616D65776F726B2E73656375726974792E61757468656E7469636174696F6E2E416273747261637441757468656E7469636174696F6E546F6B656ED3AA287E6E47640E0200035A000D61757468656E746963617465644C000B617574686F7269746965737400164C6A6176612F7574696C2F436F6C6C656374696F6E3B4C000764657461696C7371007E0004787001737200266A6176612E7574696C2E436F6C6C656374696F6E7324556E6D6F6469666961626C654C697374FC0F2531B5EC8E100200014C00046C6973747400104C6A6176612F7574696C2F4C6973743B7872002C6A6176612E7574696C2E436F6C6C656374696F6E7324556E6D6F6469666961626C65436F6C6C656374696F6E19420080CB5EF71E0200014C00016371007E00067870737200136A6176612E7574696C2E41727261794C6973747881D21D99C7619D03000149000473697A65787000000001770400000001737200426F72672E737072696E676672616D65776F726B2E73656375726974792E636F72652E617574686F726974792E53696D706C654772616E746564417574686F72697479000000000000026C0200014C0004726F6C657400124C6A6176612F6C616E672F537472696E673B787074000C524F4C455F53545544454E547871007E000D737200486F72672E737072696E676672616D65776F726B2E73656375726974792E7765622E61757468656E7469636174696F6E2E57656241757468656E7469636174696F6E44657461696C73000000000000026C0200024C000D72656D6F74654164647265737371007E000F4C000973657373696F6E496471007E000F787074000F303A303A303A303A303A303A303A3174002432393737626237302D636133612D343931332D616665382D396662326235396334643464707372002A7377702E7365313934316A762E706C732E736572766963652E437573746F6D5573657244657461696C7390D0AE44B0B793110200014C00067573657249647400104C6A6176612F6C616E672F4C6F6E673B787200326F72672E737072696E676672616D65776F726B2E73656375726974792E636F72652E7573657264657461696C732E55736572000000000000026C0200075A00116163636F756E744E6F6E457870697265645A00106163636F756E744E6F6E4C6F636B65645A001563726564656E7469616C734E6F6E457870697265645A0007656E61626C65644C000B617574686F72697469657374000F4C6A6176612F7574696C2F5365743B4C000870617373776F726471007E000F4C0008757365726E616D6571007E000F787001010101737200256A6176612E7574696C2E436F6C6C656374696F6E7324556E6D6F6469666961626C65536574801D92D18F9B80550200007871007E000A737200116A6176612E7574696C2E54726565536574DD98509395ED875B0300007870737200466F72672E737072696E676672616D65776F726B2E73656375726974792E636F72652E7573657264657461696C732E5573657224417574686F72697479436F6D70617261746F72000000000000026C020000787077040000000171007E0010787074001273747564656E743240676D61696C2E636F6D7372000E6A6176612E6C616E672E4C6F6E673B8BE490CC8F23DF0200014A000576616C7565787200106A6176612E6C616E672E4E756D62657286AC951D0B94E08B0200007870000000000000000A'),
('c4b4dc94-7e6a-4034-8f7c-a14b5c6b2d6a', 'avatar', X'ACED0005740000'),
('c4b4dc94-7e6a-4034-8f7c-a14b5c6b2d6a', 'dob', X'ACED00057372000D6A6176612E74696D652E536572955D84BA1B2248B20C00007870770703000007E9011078'),
('c4b4dc94-7e6a-4034-8f7c-a14b5c6b2d6a', 'email', X'ACED0005740012636F6E74656E743140676D61696C2E636F6D'),
('c4b4dc94-7e6a-4034-8f7c-a14b5c6b2d6a', 'fullName', X'ACED00057400175155E1BAA24E204CC3BD206EE1BB99692064756E672031'),
('c4b4dc94-7e6a-4034-8f7c-a14b5c6b2d6a', 'id', X'ACED00057372000E6A6176612E6C616E672E4C6F6E673B8BE490CC8F23DF0200014A000576616C7565787200106A6176612E6C616E672E4E756D62657286AC951D0B94E08B02000078700000000000000005'),
('c4b4dc94-7e6a-4034-8f7c-a14b5c6b2d6a', 'jakarta.servlet.jsp.jstl.fmt.request.charset', X'ACED00057400055554462D38'),
('c4b4dc94-7e6a-4034-8f7c-a14b5c6b2d6a', 'role', X'ACED000574000F434F4E54454E545F4D414E41474552'),
('c4b4dc94-7e6a-4034-8f7c-a14b5c6b2d6a', 'SPRING_SECURITY_CONTEXT', X'ACED00057372003D6F72672E737072696E676672616D65776F726B2E73656375726974792E636F72652E636F6E746578742E5365637572697479436F6E74657874496D706C000000000000026C0200014C000E61757468656E7469636174696F6E7400324C6F72672F737072696E676672616D65776F726B2F73656375726974792F636F72652F41757468656E7469636174696F6E3B78707372004F6F72672E737072696E676672616D65776F726B2E73656375726974792E61757468656E7469636174696F6E2E557365726E616D6550617373776F726441757468656E7469636174696F6E546F6B656E000000000000026C0200024C000B63726564656E7469616C737400124C6A6176612F6C616E672F4F626A6563743B4C00097072696E636970616C71007E0004787200476F72672E737072696E676672616D65776F726B2E73656375726974792E61757468656E7469636174696F6E2E416273747261637441757468656E7469636174696F6E546F6B656ED3AA287E6E47640E0200035A000D61757468656E746963617465644C000B617574686F7269746965737400164C6A6176612F7574696C2F436F6C6C656374696F6E3B4C000764657461696C7371007E0004787001737200266A6176612E7574696C2E436F6C6C656374696F6E7324556E6D6F6469666961626C654C697374FC0F2531B5EC8E100200014C00046C6973747400104C6A6176612F7574696C2F4C6973743B7872002C6A6176612E7574696C2E436F6C6C656374696F6E7324556E6D6F6469666961626C65436F6C6C656374696F6E19420080CB5EF71E0200014C00016371007E00067870737200136A6176612E7574696C2E41727261794C6973747881D21D99C7619D03000149000473697A65787000000001770400000001737200426F72672E737072696E676672616D65776F726B2E73656375726974792E636F72652E617574686F726974792E53696D706C654772616E746564417574686F72697479000000000000026C0200014C0004726F6C657400124C6A6176612F6C616E672F537472696E673B7870740014524F4C455F434F4E54454E545F4D414E414745527871007E000D737200486F72672E737072696E676672616D65776F726B2E73656375726974792E7765622E61757468656E7469636174696F6E2E57656241757468656E7469636174696F6E44657461696C73000000000000026C0200024C000D72656D6F74654164647265737371007E000F4C000973657373696F6E496471007E000F787074000F303A303A303A303A303A303A303A3174002463376136666261322D383061642D346230382D626637362D626338346438313430303935707372002A7377702E7365313934316A762E706C732E736572766963652E437573746F6D5573657244657461696C7390D0AE44B0B793110200014C00067573657249647400104C6A6176612F6C616E672F4C6F6E673B787200326F72672E737072696E676672616D65776F726B2E73656375726974792E636F72652E7573657264657461696C732E55736572000000000000026C0200075A00116163636F756E744E6F6E457870697265645A00106163636F756E744E6F6E4C6F636B65645A001563726564656E7469616C734E6F6E457870697265645A0007656E61626C65644C000B617574686F72697469657374000F4C6A6176612F7574696C2F5365743B4C000870617373776F726471007E000F4C0008757365726E616D6571007E000F787001010101737200256A6176612E7574696C2E436F6C6C656374696F6E7324556E6D6F6469666961626C65536574801D92D18F9B80550200007871007E000A737200116A6176612E7574696C2E54726565536574DD98509395ED875B0300007870737200466F72672E737072696E676672616D65776F726B2E73656375726974792E636F72652E7573657264657461696C732E5573657224417574686F72697479436F6D70617261746F72000000000000026C020000787077040000000171007E00107870740012636F6E74656E743140676D61696C2E636F6D7372000E6A6176612E6C616E672E4C6F6E673B8BE490CC8F23DF0200014A000576616C7565787200106A6176612E6C616E672E4E756D62657286AC951D0B94E08B02000078700000000000000005'),
('cd09f513-cf20-4b1f-aba3-728aaef5d804', 'avatar', X'ACED0005740000'),
('cd09f513-cf20-4b1f-aba3-728aaef5d804', 'dob', X'ACED00057372000D6A6176612E74696D652E536572955D84BA1B2248B20C00007870770703000007E9070A78'),
('cd09f513-cf20-4b1f-aba3-728aaef5d804', 'email', X'ACED000574001273747564656E743240676D61696C2E636F6D'),
('cd09f513-cf20-4b1f-aba3-728aaef5d804', 'fullName', X'ACED00057400104E677579E1BB856E2056C4836E20416E'),
('cd09f513-cf20-4b1f-aba3-728aaef5d804', 'id', X'ACED00057372000E6A6176612E6C616E672E4C6F6E673B8BE490CC8F23DF0200014A000576616C7565787200106A6176612E6C616E672E4E756D62657286AC951D0B94E08B0200007870000000000000000A'),
('cd09f513-cf20-4b1f-aba3-728aaef5d804', 'jakarta.servlet.jsp.jstl.fmt.request.charset', X'ACED00057400055554462D38'),
('cd09f513-cf20-4b1f-aba3-728aaef5d804', 'role', X'ACED000574000753545544454E54'),
('cd09f513-cf20-4b1f-aba3-728aaef5d804', 'SPRING_SECURITY_CONTEXT', X'ACED00057372003D6F72672E737072696E676672616D65776F726B2E73656375726974792E636F72652E636F6E746578742E5365637572697479436F6E74657874496D706C000000000000026C0200014C000E61757468656E7469636174696F6E7400324C6F72672F737072696E676672616D65776F726B2F73656375726974792F636F72652F41757468656E7469636174696F6E3B78707372004F6F72672E737072696E676672616D65776F726B2E73656375726974792E61757468656E7469636174696F6E2E557365726E616D6550617373776F726441757468656E7469636174696F6E546F6B656E000000000000026C0200024C000B63726564656E7469616C737400124C6A6176612F6C616E672F4F626A6563743B4C00097072696E636970616C71007E0004787200476F72672E737072696E676672616D65776F726B2E73656375726974792E61757468656E7469636174696F6E2E416273747261637441757468656E7469636174696F6E546F6B656ED3AA287E6E47640E0200035A000D61757468656E746963617465644C000B617574686F7269746965737400164C6A6176612F7574696C2F436F6C6C656374696F6E3B4C000764657461696C7371007E0004787001737200266A6176612E7574696C2E436F6C6C656374696F6E7324556E6D6F6469666961626C654C697374FC0F2531B5EC8E100200014C00046C6973747400104C6A6176612F7574696C2F4C6973743B7872002C6A6176612E7574696C2E436F6C6C656374696F6E7324556E6D6F6469666961626C65436F6C6C656374696F6E19420080CB5EF71E0200014C00016371007E00067870737200136A6176612E7574696C2E41727261794C6973747881D21D99C7619D03000149000473697A65787000000001770400000001737200426F72672E737072696E676672616D65776F726B2E73656375726974792E636F72652E617574686F726974792E53696D706C654772616E746564417574686F72697479000000000000026C0200014C0004726F6C657400124C6A6176612F6C616E672F537472696E673B787074000C524F4C455F53545544454E547871007E000D737200486F72672E737072696E676672616D65776F726B2E73656375726974792E7765622E61757468656E7469636174696F6E2E57656241757468656E7469636174696F6E44657461696C73000000000000026C0200024C000D72656D6F74654164647265737371007E000F4C000973657373696F6E496471007E000F787074000F303A303A303A303A303A303A303A3174002465666433306663382D323365332D346435632D623638622D396266616637306563393535707372002A7377702E7365313934316A762E706C732E736572766963652E437573746F6D5573657244657461696C7390D0AE44B0B793110200014C00067573657249647400104C6A6176612F6C616E672F4C6F6E673B787200326F72672E737072696E676672616D65776F726B2E73656375726974792E636F72652E7573657264657461696C732E55736572000000000000026C0200075A00116163636F756E744E6F6E457870697265645A00106163636F756E744E6F6E4C6F636B65645A001563726564656E7469616C734E6F6E457870697265645A0007656E61626C65644C000B617574686F72697469657374000F4C6A6176612F7574696C2F5365743B4C000870617373776F726471007E000F4C0008757365726E616D6571007E000F787001010101737200256A6176612E7574696C2E436F6C6C656374696F6E7324556E6D6F6469666961626C65536574801D92D18F9B80550200007871007E000A737200116A6176612E7574696C2E54726565536574DD98509395ED875B0300007870737200466F72672E737072696E676672616D65776F726B2E73656375726974792E636F72652E7573657264657461696C732E5573657224417574686F72697479436F6D70617261746F72000000000000026C020000787077040000000171007E0010787074001273747564656E743240676D61696C2E636F6D7372000E6A6176612E6C616E672E4C6F6E673B8BE490CC8F23DF0200014A000576616C7565787200106A6176612E6C616E672E4E756D62657286AC951D0B94E08B0200007870000000000000000A'),
('d248d69f-dbdb-4d40-a0eb-4a8c91a3bfb1', 'avatar', X'ACED000574002839373066363932642D333335352D343936392D383363632D3034353463653632623433652E706E67'),
('d248d69f-dbdb-4d40-a0eb-4a8c91a3bfb1', 'dob', X'ACED00057372000D6A6176612E74696D652E536572955D84BA1B2248B20C00007870770703000007E9070A78'),
('d248d69f-dbdb-4d40-a0eb-4a8c91a3bfb1', 'email', X'ACED000574001273747564656E743140676D61696C2E636F6D'),
('d248d69f-dbdb-4d40-a0eb-4a8c91a3bfb1', 'fullName', X'ACED000574001768E1BB8D632073696E68207468E1BBA9206E68E1BAA574'),
('d248d69f-dbdb-4d40-a0eb-4a8c91a3bfb1', 'id', X'ACED00057372000E6A6176612E6C616E672E4C6F6E673B8BE490CC8F23DF0200014A000576616C7565787200106A6176612E6C616E672E4E756D62657286AC951D0B94E08B02000078700000000000000009'),
('d248d69f-dbdb-4d40-a0eb-4a8c91a3bfb1', 'jakarta.servlet.jsp.jstl.fmt.request.charset', X'ACED00057400055554462D38'),
('d248d69f-dbdb-4d40-a0eb-4a8c91a3bfb1', 'role', X'ACED000574000753545544454E54'),
('d248d69f-dbdb-4d40-a0eb-4a8c91a3bfb1', 'SPRING_SECURITY_CONTEXT', X'ACED00057372003D6F72672E737072696E676672616D65776F726B2E73656375726974792E636F72652E636F6E746578742E5365637572697479436F6E74657874496D706C000000000000026C0200014C000E61757468656E7469636174696F6E7400324C6F72672F737072696E676672616D65776F726B2F73656375726974792F636F72652F41757468656E7469636174696F6E3B78707372004F6F72672E737072696E676672616D65776F726B2E73656375726974792E61757468656E7469636174696F6E2E557365726E616D6550617373776F726441757468656E7469636174696F6E546F6B656E000000000000026C0200024C000B63726564656E7469616C737400124C6A6176612F6C616E672F4F626A6563743B4C00097072696E636970616C71007E0004787200476F72672E737072696E676672616D65776F726B2E73656375726974792E61757468656E7469636174696F6E2E416273747261637441757468656E7469636174696F6E546F6B656ED3AA287E6E47640E0200035A000D61757468656E746963617465644C000B617574686F7269746965737400164C6A6176612F7574696C2F436F6C6C656374696F6E3B4C000764657461696C7371007E0004787001737200266A6176612E7574696C2E436F6C6C656374696F6E7324556E6D6F6469666961626C654C697374FC0F2531B5EC8E100200014C00046C6973747400104C6A6176612F7574696C2F4C6973743B7872002C6A6176612E7574696C2E436F6C6C656374696F6E7324556E6D6F6469666961626C65436F6C6C656374696F6E19420080CB5EF71E0200014C00016371007E00067870737200136A6176612E7574696C2E41727261794C6973747881D21D99C7619D03000149000473697A65787000000001770400000001737200426F72672E737072696E676672616D65776F726B2E73656375726974792E636F72652E617574686F726974792E53696D706C654772616E746564417574686F72697479000000000000026C0200014C0004726F6C657400124C6A6176612F6C616E672F537472696E673B787074000C524F4C455F53545544454E547871007E000D737200486F72672E737072696E676672616D65776F726B2E73656375726974792E7765622E61757468656E7469636174696F6E2E57656241757468656E7469636174696F6E44657461696C73000000000000026C0200024C000D72656D6F74654164647265737371007E000F4C000973657373696F6E496471007E000F787074000F303A303A303A303A303A303A303A3174002461636264666437612D383838662D346232622D396538302D363536616632386263313963707372002A7377702E7365313934316A762E706C732E736572766963652E437573746F6D5573657244657461696C7390D0AE44B0B793110200014C00067573657249647400104C6A6176612F6C616E672F4C6F6E673B787200326F72672E737072696E676672616D65776F726B2E73656375726974792E636F72652E7573657264657461696C732E55736572000000000000026C0200075A00116163636F756E744E6F6E457870697265645A00106163636F756E744E6F6E4C6F636B65645A001563726564656E7469616C734E6F6E457870697265645A0007656E61626C65644C000B617574686F72697469657374000F4C6A6176612F7574696C2F5365743B4C000870617373776F726471007E000F4C0008757365726E616D6571007E000F787001010101737200256A6176612E7574696C2E436F6C6C656374696F6E7324556E6D6F6469666961626C65536574801D92D18F9B80550200007871007E000A737200116A6176612E7574696C2E54726565536574DD98509395ED875B0300007870737200466F72672E737072696E676672616D65776F726B2E73656375726974792E636F72652E7573657264657461696C732E5573657224417574686F72697479436F6D70617261746F72000000000000026C020000787077040000000171007E0010787074001273747564656E743140676D61696C2E636F6D7372000E6A6176612E6C616E672E4C6F6E673B8BE490CC8F23DF0200014A000576616C7565787200106A6176612E6C616E672E4E756D62657286AC951D0B94E08B02000078700000000000000009'),
('d248d69f-dbdb-4d40-a0eb-4a8c91a3bfb1', 'SPRING_SECURITY_SAVED_REQUEST', X'ACED0005737200416F72672E737072696E676672616D65776F726B2E73656375726974792E7765622E7361766564726571756573742E44656661756C74536176656452657175657374000000000000026C02000F49000A736572766572506F72744C000B636F6E74657874506174687400124C6A6176612F6C616E672F537472696E673B4C0007636F6F6B6965737400154C6A6176612F7574696C2F41727261794C6973743B4C00076865616465727374000F4C6A6176612F7574696C2F4D61703B4C00076C6F63616C657371007E00024C001C6D61746368696E6752657175657374506172616D657465724E616D6571007E00014C00066D6574686F6471007E00014C000A706172616D657465727371007E00034C000870617468496E666F71007E00014C000B7175657279537472696E6771007E00014C000A7265717565737455524971007E00014C000A7265717565737455524C71007E00014C0006736368656D6571007E00014C000A7365727665724E616D6571007E00014C000B736572766C65745061746871007E00017870000015B3740000737200136A6176612E7574696C2E41727261794C6973747881D21D99C7619D03000149000473697A65787000000001770400000001737200396F72672E737072696E676672616D65776F726B2E73656375726974792E7765622E7361766564726571756573742E5361766564436F6F6B6965000000000000026C0200084900066D61784167655A000673656375726549000776657273696F6E4C0007636F6D6D656E7471007E00014C0006646F6D61696E71007E00014C00046E616D6571007E00014C00047061746871007E00014C000576616C756571007E00017870FFFFFFFF0000000000707074000753455353494F4E7074003059574E695A475A6B4E3245744F4467345A693030596A4A694C546C6C4F4441744E6A5532595759794F474A6A4D546C6A78737200116A6176612E7574696C2E547265654D61700CC1F63E2D256AE60300014C000A636F6D70617261746F727400164C6A6176612F7574696C2F436F6D70617261746F723B78707372002A6A6176612E6C616E672E537472696E672443617365496E73656E736974697665436F6D70617261746F7277035C7D5C50E5CE020000787077040000000E7400066163636570747371007E0006000000017704000000017400032A2F2A7874000F6163636570742D656E636F64696E677371007E000600000001770400000001740017677A69702C206465666C6174652C2062722C207A7374647874000F6163636570742D6C616E67756167657371007E00060000000177040000000174000276697874000A636F6E6E656374696F6E7371007E00060000000177040000000174000A6B6565702D616C69766578740006636F6F6B69657371007E00060000000177040000000174003853455353494F4E3D59574E695A475A6B4E3245744F4467345A693030596A4A694C546C6C4F4441744E6A5532595759794F474A6A4D546C6A78740004686F73747371007E00060000000177040000000174000E6C6F63616C686F73743A3535353578740007726566657265727371007E000600000001770400000001740016687474703A2F2F6C6F63616C686F73743A353535352F787400097365632D63682D75617371007E00060000000177040000000174004122476F6F676C65204368726F6D65223B763D22313337222C20224368726F6D69756D223B763D22313337222C20224E6F742F41294272616E64223B763D22323422787400107365632D63682D75612D6D6F62696C657371007E0006000000017704000000017400023F30787400127365632D63682D75612D706C6174666F726D7371007E0006000000017704000000017400092257696E646F7773227874000E7365632D66657463682D646573747371007E000600000001770400000001740005656D7074797874000E7365632D66657463682D6D6F64657371007E000600000001770400000001740004636F72737874000E7365632D66657463682D736974657371007E00060000000177040000000174000B73616D652D6F726967696E7874000A757365722D6167656E747371007E00060000000177040000000174006F4D6F7A696C6C612F352E30202857696E646F7773204E542031302E303B2057696E36343B2078363429204170706C655765624B69742F3533372E333620284B48544D4C2C206C696B65204765636B6F29204368726F6D652F3133372E302E302E30205361666172692F3533372E333678787371007E000600000001770400000001737200106A6176612E7574696C2E4C6F63616C657EF811609C30F9EC03000649000868617368636F64654C0007636F756E74727971007E00014C000A657874656E73696F6E7371007E00014C00086C616E677561676571007E00014C000673637269707471007E00014C000776617269616E7471007E00017870FFFFFFFF71007E000571007E0005740002766971007E000571007E00057878740008636F6E74696E75657400034745547371007E000C707704000000007870707400212F6E6F74696669636174696F6E2F636C69656E742F756E726561642D636F756E74740036687474703A2F2F6C6F63616C686F73743A353535352F6E6F74696669636174696F6E2F636C69656E742F756E726561642D636F756E74740004687474707400096C6F63616C686F73747400212F6E6F74696669636174696F6E2F636C69656E742F756E726561642D636F756E74'),
('d46cc5c6-6997-43d8-939e-c9f56da7fc04', 'avatar', X'ACED0005740000'),
('d46cc5c6-6997-43d8-939e-c9f56da7fc04', 'dob', X'ACED00057372000D6A6176612E74696D652E536572955D84BA1B2248B20C00007870770703000007E9011078'),
('d46cc5c6-6997-43d8-939e-c9f56da7fc04', 'email', X'ACED0005740011706172656E743140676D61696C2E636F6D'),
('d46cc5c6-6997-43d8-939e-c9f56da7fc04', 'fullName', X'ACED000574000D5068E1BBA5206875796E682031'),
('d46cc5c6-6997-43d8-939e-c9f56da7fc04', 'id', X'ACED00057372000E6A6176612E6C616E672E4C6F6E673B8BE490CC8F23DF0200014A000576616C7565787200106A6176612E6C616E672E4E756D62657286AC951D0B94E08B02000078700000000000000007'),
('d46cc5c6-6997-43d8-939e-c9f56da7fc04', 'role', X'ACED0005740006504152454E54'),
('d46cc5c6-6997-43d8-939e-c9f56da7fc04', 'SPRING_SECURITY_CONTEXT', X'ACED00057372003D6F72672E737072696E676672616D65776F726B2E73656375726974792E636F72652E636F6E746578742E5365637572697479436F6E74657874496D706C000000000000026C0200014C000E61757468656E7469636174696F6E7400324C6F72672F737072696E676672616D65776F726B2F73656375726974792F636F72652F41757468656E7469636174696F6E3B78707372004F6F72672E737072696E676672616D65776F726B2E73656375726974792E61757468656E7469636174696F6E2E557365726E616D6550617373776F726441757468656E7469636174696F6E546F6B656E000000000000026C0200024C000B63726564656E7469616C737400124C6A6176612F6C616E672F4F626A6563743B4C00097072696E636970616C71007E0004787200476F72672E737072696E676672616D65776F726B2E73656375726974792E61757468656E7469636174696F6E2E416273747261637441757468656E7469636174696F6E546F6B656ED3AA287E6E47640E0200035A000D61757468656E746963617465644C000B617574686F7269746965737400164C6A6176612F7574696C2F436F6C6C656374696F6E3B4C000764657461696C7371007E0004787001737200266A6176612E7574696C2E436F6C6C656374696F6E7324556E6D6F6469666961626C654C697374FC0F2531B5EC8E100200014C00046C6973747400104C6A6176612F7574696C2F4C6973743B7872002C6A6176612E7574696C2E436F6C6C656374696F6E7324556E6D6F6469666961626C65436F6C6C656374696F6E19420080CB5EF71E0200014C00016371007E00067870737200136A6176612E7574696C2E41727261794C6973747881D21D99C7619D03000149000473697A65787000000001770400000001737200426F72672E737072696E676672616D65776F726B2E73656375726974792E636F72652E617574686F726974792E53696D706C654772616E746564417574686F72697479000000000000026C0200014C0004726F6C657400124C6A6176612F6C616E672F537472696E673B787074000B524F4C455F504152454E547871007E000D737200486F72672E737072696E676672616D65776F726B2E73656375726974792E7765622E61757468656E7469636174696F6E2E57656241757468656E7469636174696F6E44657461696C73000000000000026C0200024C000D72656D6F74654164647265737371007E000F4C000973657373696F6E496471007E000F787074000F303A303A303A303A303A303A303A3174002435623938353433622D306263632D343738642D623130322D386164333932656565653265707372002A7377702E7365313934316A762E706C732E736572766963652E437573746F6D5573657244657461696C7390D0AE44B0B793110200014C00067573657249647400104C6A6176612F6C616E672F4C6F6E673B787200326F72672E737072696E676672616D65776F726B2E73656375726974792E636F72652E7573657264657461696C732E55736572000000000000026C0200075A00116163636F756E744E6F6E457870697265645A00106163636F756E744E6F6E4C6F636B65645A001563726564656E7469616C734E6F6E457870697265645A0007656E61626C65644C000B617574686F72697469657374000F4C6A6176612F7574696C2F5365743B4C000870617373776F726471007E000F4C0008757365726E616D6571007E000F787001010101737200256A6176612E7574696C2E436F6C6C656374696F6E7324556E6D6F6469666961626C65536574801D92D18F9B80550200007871007E000A737200116A6176612E7574696C2E54726565536574DD98509395ED875B0300007870737200466F72672E737072696E676672616D65776F726B2E73656375726974792E636F72652E7573657264657461696C732E5573657224417574686F72697479436F6D70617261746F72000000000000026C020000787077040000000171007E00107870740011706172656E743140676D61696C2E636F6D7372000E6A6176612E6C616E672E4C6F6E673B8BE490CC8F23DF0200014A000576616C7565787200106A6176612E6C616E672E4E756D62657286AC951D0B94E08B02000078700000000000000007'),
('d46cc5c6-6997-43d8-939e-c9f56da7fc04', 'SPRING_SECURITY_SAVED_REQUEST', X'ACED0005737200416F72672E737072696E676672616D65776F726B2E73656375726974792E7765622E7361766564726571756573742E44656661756C74536176656452657175657374000000000000026C02000F49000A736572766572506F72744C000B636F6E74657874506174687400124C6A6176612F6C616E672F537472696E673B4C0007636F6F6B6965737400154C6A6176612F7574696C2F41727261794C6973743B4C00076865616465727374000F4C6A6176612F7574696C2F4D61703B4C00076C6F63616C657371007E00024C001C6D61746368696E6752657175657374506172616D657465724E616D6571007E00014C00066D6574686F6471007E00014C000A706172616D657465727371007E00034C000870617468496E666F71007E00014C000B7175657279537472696E6771007E00014C000A7265717565737455524971007E00014C000A7265717565737455524C71007E00014C0006736368656D6571007E00014C000A7365727665724E616D6571007E00014C000B736572766C65745061746871007E00017870000015B3740000737200136A6176612E7574696C2E41727261794C6973747881D21D99C7619D03000149000473697A6578700000000077040000000078737200116A6176612E7574696C2E547265654D61700CC1F63E2D256AE60300014C000A636F6D70617261746F727400164C6A6176612F7574696C2F436F6D70617261746F723B78707372002A6A6176612E6C616E672E537472696E672443617365496E73656E736974697665436F6D70617261746F7277035C7D5C50E5CE020000787077040000000E7400066163636570747371007E000600000001770400000001740087746578742F68746D6C2C6170706C69636174696F6E2F7868746D6C2B786D6C2C6170706C69636174696F6E2F786D6C3B713D302E392C696D6167652F617669662C696D6167652F776562702C696D6167652F61706E672C2A2F2A3B713D302E382C6170706C69636174696F6E2F7369676E65642D65786368616E67653B763D62333B713D302E377874000F6163636570742D656E636F64696E677371007E000600000001770400000001740017677A69702C206465666C6174652C2062722C207A7374647874000F6163636570742D6C616E67756167657371007E00060000000177040000000174000276697874000A636F6E6E656374696F6E7371007E00060000000177040000000174000A6B6565702D616C69766578740004686F73747371007E00060000000177040000000174000E6C6F63616C686F73743A35353535787400097365632D63682D75617371007E000600000001770400000001740040224E6F7429413B4272616E64223B763D2238222C20224368726F6D69756D223B763D22313338222C2022476F6F676C65204368726F6D65223B763D2231333822787400107365632D63682D75612D6D6F62696C657371007E0006000000017704000000017400023F30787400127365632D63682D75612D706C6174666F726D7371007E0006000000017704000000017400092257696E646F7773227874000E7365632D66657463682D646573747371007E000600000001770400000001740008646F63756D656E747874000E7365632D66657463682D6D6F64657371007E0006000000017704000000017400086E617669676174657874000E7365632D66657463682D736974657371007E0006000000017704000000017400046E6F6E657874000E7365632D66657463682D757365727371007E0006000000017704000000017400023F3178740019757067726164652D696E7365637572652D72657175657374737371007E000600000001770400000001740001317874000A757365722D6167656E747371007E00060000000177040000000174006F4D6F7A696C6C612F352E30202857696E646F7773204E542031302E303B2057696E36343B2078363429204170706C655765624B69742F3533372E333620284B48544D4C2C206C696B65204765636B6F29204368726F6D652F3133382E302E302E30205361666172692F3533372E333678787371007E000600000001770400000001737200106A6176612E7574696C2E4C6F63616C657EF811609C30F9EC03000649000868617368636F64654C0007636F756E74727971007E00014C000A657874656E73696F6E7371007E00014C00086C616E677561676571007E00014C000673637269707471007E00014C000776617269616E7471007E00017870FFFFFFFF71007E000571007E0005740002766971007E000571007E00057878740008636F6E74696E75657400034745547371007E00087077040000000078707074000F2F6372656174652D7061796D656E74740024687474703A2F2F6C6F63616C686F73743A353535352F6372656174652D7061796D656E74740004687474707400096C6F63616C686F737474000F2F6372656174652D7061796D656E74'),
('d824e1ed-ae77-44c5-8d52-49dd463fe78e', 'dob', X'ACED00057372000D6A6176612E74696D652E536572955D84BA1B2248B20C00007870770703000007D4030878'),
('d824e1ed-ae77-44c5-8d52-49dd463fe78e', 'email', X'ACED000574000F61646D696E40676D61696C2E636F6D'),
('d824e1ed-ae77-44c5-8d52-49dd463fe78e', 'fullName', X'ACED000574000561646D696E'),
('d824e1ed-ae77-44c5-8d52-49dd463fe78e', 'id', X'ACED00057372000E6A6176612E6C616E672E4C6F6E673B8BE490CC8F23DF0200014A000576616C7565787200106A6176612E6C616E672E4E756D62657286AC951D0B94E08B02000078700000000000000001'),
('d824e1ed-ae77-44c5-8d52-49dd463fe78e', 'jakarta.servlet.jsp.jstl.fmt.request.charset', X'ACED00057400055554462D38'),
('d824e1ed-ae77-44c5-8d52-49dd463fe78e', 'role', X'ACED000574000541444D494E'),
('d824e1ed-ae77-44c5-8d52-49dd463fe78e', 'SPRING_SECURITY_CONTEXT', X'ACED00057372003D6F72672E737072696E676672616D65776F726B2E73656375726974792E636F72652E636F6E746578742E5365637572697479436F6E74657874496D706C000000000000026C0200014C000E61757468656E7469636174696F6E7400324C6F72672F737072696E676672616D65776F726B2F73656375726974792F636F72652F41757468656E7469636174696F6E3B78707372004F6F72672E737072696E676672616D65776F726B2E73656375726974792E61757468656E7469636174696F6E2E557365726E616D6550617373776F726441757468656E7469636174696F6E546F6B656E000000000000026C0200024C000B63726564656E7469616C737400124C6A6176612F6C616E672F4F626A6563743B4C00097072696E636970616C71007E0004787200476F72672E737072696E676672616D65776F726B2E73656375726974792E61757468656E7469636174696F6E2E416273747261637441757468656E7469636174696F6E546F6B656ED3AA287E6E47640E0200035A000D61757468656E746963617465644C000B617574686F7269746965737400164C6A6176612F7574696C2F436F6C6C656374696F6E3B4C000764657461696C7371007E0004787001737200266A6176612E7574696C2E436F6C6C656374696F6E7324556E6D6F6469666961626C654C697374FC0F2531B5EC8E100200014C00046C6973747400104C6A6176612F7574696C2F4C6973743B7872002C6A6176612E7574696C2E436F6C6C656374696F6E7324556E6D6F6469666961626C65436F6C6C656374696F6E19420080CB5EF71E0200014C00016371007E00067870737200136A6176612E7574696C2E41727261794C6973747881D21D99C7619D03000149000473697A65787000000001770400000001737200426F72672E737072696E676672616D65776F726B2E73656375726974792E636F72652E617574686F726974792E53696D706C654772616E746564417574686F72697479000000000000026C0200014C0004726F6C657400124C6A6176612F6C616E672F537472696E673B787074000A524F4C455F41444D494E7871007E000D737200486F72672E737072696E676672616D65776F726B2E73656375726974792E7765622E61757468656E7469636174696F6E2E57656241757468656E7469636174696F6E44657461696C73000000000000026C0200024C000D72656D6F74654164647265737371007E000F4C000973657373696F6E496471007E000F787074000F303A303A303A303A303A303A303A3174002463656262383166362D616538632D343333642D393636312D613864323931333263616338707372002A7377702E7365313934316A762E706C732E736572766963652E437573746F6D5573657244657461696C7390D0AE44B0B793110200014C00067573657249647400104C6A6176612F6C616E672F4C6F6E673B787200326F72672E737072696E676672616D65776F726B2E73656375726974792E636F72652E7573657264657461696C732E55736572000000000000026C0200075A00116163636F756E744E6F6E457870697265645A00106163636F756E744E6F6E4C6F636B65645A001563726564656E7469616C734E6F6E457870697265645A0007656E61626C65644C000B617574686F72697469657374000F4C6A6176612F7574696C2F5365743B4C000870617373776F726471007E000F4C0008757365726E616D6571007E000F787001010101737200256A6176612E7574696C2E436F6C6C656374696F6E7324556E6D6F6469666961626C65536574801D92D18F9B80550200007871007E000A737200116A6176612E7574696C2E54726565536574DD98509395ED875B0300007870737200466F72672E737072696E676672616D65776F726B2E73656375726974792E636F72652E7573657264657461696C732E5573657224417574686F72697479436F6D70617261746F72000000000000026C020000787077040000000171007E0010787074000F61646D696E40676D61696C2E636F6D7372000E6A6176612E6C616E672E4C6F6E673B8BE490CC8F23DF0200014A000576616C7565787200106A6176612E6C616E672E4E756D62657286AC951D0B94E08B02000078700000000000000001'),
('d824e1ed-ae77-44c5-8d52-49dd463fe78e', 'SPRING_SECURITY_SAVED_REQUEST', X'ACED0005737200416F72672E737072696E676672616D65776F726B2E73656375726974792E7765622E7361766564726571756573742E44656661756C74536176656452657175657374000000000000026C02000F49000A736572766572506F72744C000B636F6E74657874506174687400124C6A6176612F6C616E672F537472696E673B4C0007636F6F6B6965737400154C6A6176612F7574696C2F41727261794C6973743B4C00076865616465727374000F4C6A6176612F7574696C2F4D61703B4C00076C6F63616C657371007E00024C001C6D61746368696E6752657175657374506172616D657465724E616D6571007E00014C00066D6574686F6471007E00014C000A706172616D657465727371007E00034C000870617468496E666F71007E00014C000B7175657279537472696E6771007E00014C000A7265717565737455524971007E00014C000A7265717565737455524C71007E00014C0006736368656D6571007E00014C000A7365727665724E616D6571007E00014C000B736572766C65745061746871007E00017870000015B3740000737200136A6176612E7574696C2E41727261794C6973747881D21D99C7619D03000149000473697A65787000000001770400000001737200396F72672E737072696E676672616D65776F726B2E73656375726974792E7765622E7361766564726571756573742E5361766564436F6F6B6965000000000000026C0200084900066D61784167655A000673656375726549000776657273696F6E4C0007636F6D6D656E7471007E00014C0006646F6D61696E71007E00014C00046E616D6571007E00014C00047061746871007E00014C000576616C756571007E00017870FFFFFFFF0000000000707074000753455353494F4E7074003059325669596A67785A6A597459575534597930304D7A4E6B4C546B324E6A45745954686B4D6A6B784D7A4A6A59574D3478737200116A6176612E7574696C2E547265654D61700CC1F63E2D256AE60300014C000A636F6D70617261746F727400164C6A6176612F7574696C2F436F6D70617261746F723B78707372002A6A6176612E6C616E672E537472696E672443617365496E73656E736974697665436F6D70617261746F7277035C7D5C50E5CE020000787077040000000E7400066163636570747371007E0006000000017704000000017400032A2F2A7874000F6163636570742D656E636F64696E677371007E000600000001770400000001740017677A69702C206465666C6174652C2062722C207A7374647874000F6163636570742D6C616E67756167657371007E00060000000177040000000174000276697874000A636F6E6E656374696F6E7371007E00060000000177040000000174000A6B6565702D616C69766578740006636F6F6B69657371007E00060000000177040000000174003853455353494F4E3D59325669596A67785A6A597459575534597930304D7A4E6B4C546B324E6A45745954686B4D6A6B784D7A4A6A59574D3478740004686F73747371007E00060000000177040000000174000E6C6F63616C686F73743A3535353578740007726566657265727371007E000600000001770400000001740016687474703A2F2F6C6F63616C686F73743A353535352F787400097365632D63682D75617371007E000600000001770400000001740040224E6F7429413B4272616E64223B763D2238222C20224368726F6D69756D223B763D22313338222C2022476F6F676C65204368726F6D65223B763D2231333822787400107365632D63682D75612D6D6F62696C657371007E0006000000017704000000017400023F30787400127365632D63682D75612D706C6174666F726D7371007E0006000000017704000000017400092257696E646F7773227874000E7365632D66657463682D646573747371007E000600000001770400000001740005656D7074797874000E7365632D66657463682D6D6F64657371007E000600000001770400000001740004636F72737874000E7365632D66657463682D736974657371007E00060000000177040000000174000B73616D652D6F726967696E7874000A757365722D6167656E747371007E00060000000177040000000174006F4D6F7A696C6C612F352E30202857696E646F7773204E542031302E303B2057696E36343B2078363429204170706C655765624B69742F3533372E333620284B48544D4C2C206C696B65204765636B6F29204368726F6D652F3133382E302E302E30205361666172692F3533372E333678787371007E000600000001770400000001737200106A6176612E7574696C2E4C6F63616C657EF811609C30F9EC03000649000868617368636F64654C0007636F756E74727971007E00014C000A657874656E73696F6E7371007E00014C00086C616E677561676571007E00014C000673637269707471007E00014C000776617269616E7471007E00017870FFFFFFFF71007E000571007E0005740002766971007E000571007E00057878740008636F6E74696E75657400034745547371007E000C707704000000007870707400212F6E6F74696669636174696F6E2F636C69656E742F756E726561642D636F756E74740036687474703A2F2F6C6F63616C686F73743A353535352F6E6F74696669636174696F6E2F636C69656E742F756E726561642D636F756E74740004687474707400096C6F63616C686F73747400212F6E6F74696669636174696F6E2F636C69656E742F756E726561642D636F756E74'),
('e1bac271-fd9e-4961-977a-715bf887b728', 'avatar', X'ACED0005740000'),
('e1bac271-fd9e-4961-977a-715bf887b728', 'dob', X'ACED00057372000D6A6176612E74696D652E536572955D84BA1B2248B20C00007870770703000007E9011078'),
('e1bac271-fd9e-4961-977a-715bf887b728', 'email', X'ACED0005740012636F6E74656E743140676D61696C2E636F6D'),
('e1bac271-fd9e-4961-977a-715bf887b728', 'fullName', X'ACED00057400144E677579E1BB856E2056C4836E204869E1BABF75'),
('e1bac271-fd9e-4961-977a-715bf887b728', 'id', X'ACED00057372000E6A6176612E6C616E672E4C6F6E673B8BE490CC8F23DF0200014A000576616C7565787200106A6176612E6C616E672E4E756D62657286AC951D0B94E08B02000078700000000000000005'),
('e1bac271-fd9e-4961-977a-715bf887b728', 'jakarta.servlet.jsp.jstl.fmt.request.charset', X'ACED00057400055554462D38'),
('e1bac271-fd9e-4961-977a-715bf887b728', 'role', X'ACED000574000F434F4E54454E545F4D414E41474552'),
('e1bac271-fd9e-4961-977a-715bf887b728', 'SPRING_SECURITY_CONTEXT', X'ACED00057372003D6F72672E737072696E676672616D65776F726B2E73656375726974792E636F72652E636F6E746578742E5365637572697479436F6E74657874496D706C000000000000026C0200014C000E61757468656E7469636174696F6E7400324C6F72672F737072696E676672616D65776F726B2F73656375726974792F636F72652F41757468656E7469636174696F6E3B78707372004F6F72672E737072696E676672616D65776F726B2E73656375726974792E61757468656E7469636174696F6E2E557365726E616D6550617373776F726441757468656E7469636174696F6E546F6B656E000000000000026C0200024C000B63726564656E7469616C737400124C6A6176612F6C616E672F4F626A6563743B4C00097072696E636970616C71007E0004787200476F72672E737072696E676672616D65776F726B2E73656375726974792E61757468656E7469636174696F6E2E416273747261637441757468656E7469636174696F6E546F6B656ED3AA287E6E47640E0200035A000D61757468656E746963617465644C000B617574686F7269746965737400164C6A6176612F7574696C2F436F6C6C656374696F6E3B4C000764657461696C7371007E0004787001737200266A6176612E7574696C2E436F6C6C656374696F6E7324556E6D6F6469666961626C654C697374FC0F2531B5EC8E100200014C00046C6973747400104C6A6176612F7574696C2F4C6973743B7872002C6A6176612E7574696C2E436F6C6C656374696F6E7324556E6D6F6469666961626C65436F6C6C656374696F6E19420080CB5EF71E0200014C00016371007E00067870737200136A6176612E7574696C2E41727261794C6973747881D21D99C7619D03000149000473697A65787000000001770400000001737200426F72672E737072696E676672616D65776F726B2E73656375726974792E636F72652E617574686F726974792E53696D706C654772616E746564417574686F72697479000000000000026C0200014C0004726F6C657400124C6A6176612F6C616E672F537472696E673B7870740014524F4C455F434F4E54454E545F4D414E414745527871007E000D737200486F72672E737072696E676672616D65776F726B2E73656375726974792E7765622E61757468656E7469636174696F6E2E57656241757468656E7469636174696F6E44657461696C73000000000000026C0200024C000D72656D6F74654164647265737371007E000F4C000973657373696F6E496471007E000F787074000F303A303A303A303A303A303A303A3174002439346637323564382D396532642D343930352D626335632D316533336137303961393434707372002A7377702E7365313934316A762E706C732E736572766963652E437573746F6D5573657244657461696C7390D0AE44B0B793110200014C00067573657249647400104C6A6176612F6C616E672F4C6F6E673B787200326F72672E737072696E676672616D65776F726B2E73656375726974792E636F72652E7573657264657461696C732E55736572000000000000026C0200075A00116163636F756E744E6F6E457870697265645A00106163636F756E744E6F6E4C6F636B65645A001563726564656E7469616C734E6F6E457870697265645A0007656E61626C65644C000B617574686F72697469657374000F4C6A6176612F7574696C2F5365743B4C000870617373776F726471007E000F4C0008757365726E616D6571007E000F787001010101737200256A6176612E7574696C2E436F6C6C656374696F6E7324556E6D6F6469666961626C65536574801D92D18F9B80550200007871007E000A737200116A6176612E7574696C2E54726565536574DD98509395ED875B0300007870737200466F72672E737072696E676672616D65776F726B2E73656375726974792E636F72652E7573657264657461696C732E5573657224417574686F72697479436F6D70617261746F72000000000000026C020000787077040000000171007E00107870740012636F6E74656E743140676D61696C2E636F6D7372000E6A6176612E6C616E672E4C6F6E673B8BE490CC8F23DF0200014A000576616C7565787200106A6176612E6C616E672E4E756D62657286AC951D0B94E08B02000078700000000000000005'),
('e4e3a0ee-02ab-40a2-a5ff-e1584bfe7e42', 'avatar', X'ACED0005740000'),
('e4e3a0ee-02ab-40a2-a5ff-e1584bfe7e42', 'dob', X'ACED00057372000D6A6176612E74696D652E536572955D84BA1B2248B20C00007870770703000007E9011078'),
('e4e3a0ee-02ab-40a2-a5ff-e1584bfe7e42', 'email', X'ACED0005740012636F6E74656E743140676D61696C2E636F6D'),
('e4e3a0ee-02ab-40a2-a5ff-e1584bfe7e42', 'fullName', X'ACED00057400144E677579E1BB856E2056C4836E204869E1BABF75'),
('e4e3a0ee-02ab-40a2-a5ff-e1584bfe7e42', 'id', X'ACED00057372000E6A6176612E6C616E672E4C6F6E673B8BE490CC8F23DF0200014A000576616C7565787200106A6176612E6C616E672E4E756D62657286AC951D0B94E08B02000078700000000000000005'),
('e4e3a0ee-02ab-40a2-a5ff-e1584bfe7e42', 'jakarta.servlet.jsp.jstl.fmt.request.charset', X'ACED00057400055554462D38'),
('e4e3a0ee-02ab-40a2-a5ff-e1584bfe7e42', 'role', X'ACED000574000F434F4E54454E545F4D414E41474552'),
('e4e3a0ee-02ab-40a2-a5ff-e1584bfe7e42', 'SPRING_SECURITY_CONTEXT', X'ACED00057372003D6F72672E737072696E676672616D65776F726B2E73656375726974792E636F72652E636F6E746578742E5365637572697479436F6E74657874496D706C000000000000026C0200014C000E61757468656E7469636174696F6E7400324C6F72672F737072696E676672616D65776F726B2F73656375726974792F636F72652F41757468656E7469636174696F6E3B78707372004F6F72672E737072696E676672616D65776F726B2E73656375726974792E61757468656E7469636174696F6E2E557365726E616D6550617373776F726441757468656E7469636174696F6E546F6B656E000000000000026C0200024C000B63726564656E7469616C737400124C6A6176612F6C616E672F4F626A6563743B4C00097072696E636970616C71007E0004787200476F72672E737072696E676672616D65776F726B2E73656375726974792E61757468656E7469636174696F6E2E416273747261637441757468656E7469636174696F6E546F6B656ED3AA287E6E47640E0200035A000D61757468656E746963617465644C000B617574686F7269746965737400164C6A6176612F7574696C2F436F6C6C656374696F6E3B4C000764657461696C7371007E0004787001737200266A6176612E7574696C2E436F6C6C656374696F6E7324556E6D6F6469666961626C654C697374FC0F2531B5EC8E100200014C00046C6973747400104C6A6176612F7574696C2F4C6973743B7872002C6A6176612E7574696C2E436F6C6C656374696F6E7324556E6D6F6469666961626C65436F6C6C656374696F6E19420080CB5EF71E0200014C00016371007E00067870737200136A6176612E7574696C2E41727261794C6973747881D21D99C7619D03000149000473697A65787000000001770400000001737200426F72672E737072696E676672616D65776F726B2E73656375726974792E636F72652E617574686F726974792E53696D706C654772616E746564417574686F72697479000000000000026C0200014C0004726F6C657400124C6A6176612F6C616E672F537472696E673B7870740014524F4C455F434F4E54454E545F4D414E414745527871007E000D737200486F72672E737072696E676672616D65776F726B2E73656375726974792E7765622E61757468656E7469636174696F6E2E57656241757468656E7469636174696F6E44657461696C73000000000000026C0200024C000D72656D6F74654164647265737371007E000F4C000973657373696F6E496471007E000F787074000F303A303A303A303A303A303A303A3174002462633035666435372D613062302D346133632D386637642D653530646432326162363835707372002A7377702E7365313934316A762E706C732E736572766963652E437573746F6D5573657244657461696C7390D0AE44B0B793110200014C00067573657249647400104C6A6176612F6C616E672F4C6F6E673B787200326F72672E737072696E676672616D65776F726B2E73656375726974792E636F72652E7573657264657461696C732E55736572000000000000026C0200075A00116163636F756E744E6F6E457870697265645A00106163636F756E744E6F6E4C6F636B65645A001563726564656E7469616C734E6F6E457870697265645A0007656E61626C65644C000B617574686F72697469657374000F4C6A6176612F7574696C2F5365743B4C000870617373776F726471007E000F4C0008757365726E616D6571007E000F787001010101737200256A6176612E7574696C2E436F6C6C656374696F6E7324556E6D6F6469666961626C65536574801D92D18F9B80550200007871007E000A737200116A6176612E7574696C2E54726565536574DD98509395ED875B0300007870737200466F72672E737072696E676672616D65776F726B2E73656375726974792E636F72652E7573657264657461696C732E5573657224417574686F72697479436F6D70617261746F72000000000000026C020000787077040000000171007E00107870740012636F6E74656E743140676D61696C2E636F6D7372000E6A6176612E6C616E672E4C6F6E673B8BE490CC8F23DF0200014A000576616C7565787200106A6176612E6C616E672E4E756D62657286AC951D0B94E08B02000078700000000000000005'),
('e4e3a0ee-02ab-40a2-a5ff-e1584bfe7e42', 'SPRING_SECURITY_SAVED_REQUEST', X'ACED0005737200416F72672E737072696E676672616D65776F726B2E73656375726974792E7765622E7361766564726571756573742E44656661756C74536176656452657175657374000000000000026C02000F49000A736572766572506F72744C000B636F6E74657874506174687400124C6A6176612F6C616E672F537472696E673B4C0007636F6F6B6965737400154C6A6176612F7574696C2F41727261794C6973743B4C00076865616465727374000F4C6A6176612F7574696C2F4D61703B4C00076C6F63616C657371007E00024C001C6D61746368696E6752657175657374506172616D657465724E616D6571007E00014C00066D6574686F6471007E00014C000A706172616D657465727371007E00034C000870617468496E666F71007E00014C000B7175657279537472696E6771007E00014C000A7265717565737455524971007E00014C000A7265717565737455524C71007E00014C0006736368656D6571007E00014C000A7365727665724E616D6571007E00014C000B736572766C65745061746871007E00017870000015B3740000737200136A6176612E7574696C2E41727261794C6973747881D21D99C7619D03000149000473697A6578700000000077040000000078737200116A6176612E7574696C2E547265654D61700CC1F63E2D256AE60300014C000A636F6D70617261746F727400164C6A6176612F7574696C2F436F6D70617261746F723B78707372002A6A6176612E6C616E672E537472696E672443617365496E73656E736974697665436F6D70617261746F7277035C7D5C50E5CE02000078707704000000107400066163636570747371007E000600000001770400000001740087746578742F68746D6C2C6170706C69636174696F6E2F7868746D6C2B786D6C2C6170706C69636174696F6E2F786D6C3B713D302E392C696D6167652F617669662C696D6167652F776562702C696D6167652F61706E672C2A2F2A3B713D302E382C6170706C69636174696F6E2F7369676E65642D65786368616E67653B763D62333B713D302E377874000F6163636570742D656E636F64696E677371007E000600000001770400000001740017677A69702C206465666C6174652C2062722C207A7374647874000F6163636570742D6C616E67756167657371007E00060000000177040000000174000E656E2D55532C656E3B713D302E397874000A636F6E6E656374696F6E7371007E00060000000177040000000174000A6B6565702D616C69766578740004686F73747371007E00060000000177040000000174000E6C6F63616C686F73743A3535353578740007707572706F73657371007E0006000000017704000000017400087072656665746368787400097365632D63682D75617371007E000600000001770400000001740040224E6F7429413B4272616E64223B763D2238222C20224368726F6D69756D223B763D22313338222C2022476F6F676C65204368726F6D65223B763D2231333822787400107365632D63682D75612D6D6F62696C657371007E0006000000017704000000017400023F30787400127365632D63682D75612D706C6174666F726D7371007E0006000000017704000000017400092257696E646F7773227874000E7365632D66657463682D646573747371007E000600000001770400000001740008646F63756D656E747874000E7365632D66657463682D6D6F64657371007E0006000000017704000000017400086E617669676174657874000E7365632D66657463682D736974657371007E0006000000017704000000017400046E6F6E657874000E7365632D66657463682D757365727371007E0006000000017704000000017400023F317874000B7365632D707572706F73657371007E00060000000177040000000174001270726566657463683B70726572656E64657278740019757067726164652D696E7365637572652D72657175657374737371007E000600000001770400000001740001317874000A757365722D6167656E747371007E00060000000177040000000174006F4D6F7A696C6C612F352E30202857696E646F7773204E542031302E303B2057696E36343B2078363429204170706C655765624B69742F3533372E333620284B48544D4C2C206C696B65204765636B6F29204368726F6D652F3133382E302E302E30205361666172692F3533372E333678787371007E000600000002770400000002737200106A6176612E7574696C2E4C6F63616C657EF811609C30F9EC03000649000868617368636F64654C0007636F756E74727971007E00014C000A657874656E73696F6E7371007E00014C00086C616E677561676571007E00014C000673637269707471007E00014C000776617269616E7471007E00017870FFFFFFFF740002555371007E0005740002656E71007E000571007E0005787371007E003EFFFFFFFF71007E000571007E000571007E004171007E000571007E00057878740008636F6E74696E75657400034745547371007E0008707704000000007870707400062F61646D696E74001B687474703A2F2F6C6F63616C686F73743A353535352F61646D696E740004687474707400096C6F63616C686F73747400062F61646D696E'),
('f1910eeb-19ad-4566-8515-a6b0889a2f03', 'dob', X'ACED00057372000D6A6176612E74696D652E536572955D84BA1B2248B20C00007870770703000007D4030878'),
('f1910eeb-19ad-4566-8515-a6b0889a2f03', 'email', X'ACED000574000F61646D696E40676D61696C2E636F6D'),
('f1910eeb-19ad-4566-8515-a6b0889a2f03', 'fullName', X'ACED000574000561646D696E'),
('f1910eeb-19ad-4566-8515-a6b0889a2f03', 'id', X'ACED00057372000E6A6176612E6C616E672E4C6F6E673B8BE490CC8F23DF0200014A000576616C7565787200106A6176612E6C616E672E4E756D62657286AC951D0B94E08B02000078700000000000000001'),
('f1910eeb-19ad-4566-8515-a6b0889a2f03', 'jakarta.servlet.jsp.jstl.fmt.request.charset', X'ACED00057400055554462D38'),
('f1910eeb-19ad-4566-8515-a6b0889a2f03', 'role', X'ACED000574000541444D494E'),
('f1910eeb-19ad-4566-8515-a6b0889a2f03', 'SPRING_SECURITY_CONTEXT', X'ACED00057372003D6F72672E737072696E676672616D65776F726B2E73656375726974792E636F72652E636F6E746578742E5365637572697479436F6E74657874496D706C000000000000026C0200014C000E61757468656E7469636174696F6E7400324C6F72672F737072696E676672616D65776F726B2F73656375726974792F636F72652F41757468656E7469636174696F6E3B78707372004F6F72672E737072696E676672616D65776F726B2E73656375726974792E61757468656E7469636174696F6E2E557365726E616D6550617373776F726441757468656E7469636174696F6E546F6B656E000000000000026C0200024C000B63726564656E7469616C737400124C6A6176612F6C616E672F4F626A6563743B4C00097072696E636970616C71007E0004787200476F72672E737072696E676672616D65776F726B2E73656375726974792E61757468656E7469636174696F6E2E416273747261637441757468656E7469636174696F6E546F6B656ED3AA287E6E47640E0200035A000D61757468656E746963617465644C000B617574686F7269746965737400164C6A6176612F7574696C2F436F6C6C656374696F6E3B4C000764657461696C7371007E0004787001737200266A6176612E7574696C2E436F6C6C656374696F6E7324556E6D6F6469666961626C654C697374FC0F2531B5EC8E100200014C00046C6973747400104C6A6176612F7574696C2F4C6973743B7872002C6A6176612E7574696C2E436F6C6C656374696F6E7324556E6D6F6469666961626C65436F6C6C656374696F6E19420080CB5EF71E0200014C00016371007E00067870737200136A6176612E7574696C2E41727261794C6973747881D21D99C7619D03000149000473697A65787000000001770400000001737200426F72672E737072696E676672616D65776F726B2E73656375726974792E636F72652E617574686F726974792E53696D706C654772616E746564417574686F72697479000000000000026C0200014C0004726F6C657400124C6A6176612F6C616E672F537472696E673B787074000A524F4C455F41444D494E7871007E000D737200486F72672E737072696E676672616D65776F726B2E73656375726974792E7765622E61757468656E7469636174696F6E2E57656241757468656E7469636174696F6E44657461696C73000000000000026C0200024C000D72656D6F74654164647265737371007E000F4C000973657373696F6E496471007E000F787074000F303A303A303A303A303A303A303A3174002435393034663366302D656138352D346466302D623564302D653139366230326632306635707372002A7377702E7365313934316A762E706C732E736572766963652E437573746F6D5573657244657461696C7390D0AE44B0B793110200014C00067573657249647400104C6A6176612F6C616E672F4C6F6E673B787200326F72672E737072696E676672616D65776F726B2E73656375726974792E636F72652E7573657264657461696C732E55736572000000000000026C0200075A00116163636F756E744E6F6E457870697265645A00106163636F756E744E6F6E4C6F636B65645A001563726564656E7469616C734E6F6E457870697265645A0007656E61626C65644C000B617574686F72697469657374000F4C6A6176612F7574696C2F5365743B4C000870617373776F726471007E000F4C0008757365726E616D6571007E000F787001010101737200256A6176612E7574696C2E436F6C6C656374696F6E7324556E6D6F6469666961626C65536574801D92D18F9B80550200007871007E000A737200116A6176612E7574696C2E54726565536574DD98509395ED875B0300007870737200466F72672E737072696E676672616D65776F726B2E73656375726974792E636F72652E7573657264657461696C732E5573657224417574686F72697479436F6D70617261746F72000000000000026C020000787077040000000171007E0010787074000F61646D696E40676D61696C2E636F6D7372000E6A6176612E6C616E672E4C6F6E673B8BE490CC8F23DF0200014A000576616C7565787200106A6176612E6C616E672E4E756D62657286AC951D0B94E08B02000078700000000000000001'),
('f1910eeb-19ad-4566-8515-a6b0889a2f03', 'SPRING_SECURITY_SAVED_REQUEST', X'ACED0005737200416F72672E737072696E676672616D65776F726B2E73656375726974792E7765622E7361766564726571756573742E44656661756C74536176656452657175657374000000000000026C02000F49000A736572766572506F72744C000B636F6E74657874506174687400124C6A6176612F6C616E672F537472696E673B4C0007636F6F6B6965737400154C6A6176612F7574696C2F41727261794C6973743B4C00076865616465727374000F4C6A6176612F7574696C2F4D61703B4C00076C6F63616C657371007E00024C001C6D61746368696E6752657175657374506172616D657465724E616D6571007E00014C00066D6574686F6471007E00014C000A706172616D657465727371007E00034C000870617468496E666F71007E00014C000B7175657279537472696E6771007E00014C000A7265717565737455524971007E00014C000A7265717565737455524C71007E00014C0006736368656D6571007E00014C000A7365727665724E616D6571007E00014C000B736572766C65745061746871007E00017870000015B3740000737200136A6176612E7574696C2E41727261794C6973747881D21D99C7619D03000149000473697A6578700000000077040000000078737200116A6176612E7574696C2E547265654D61700CC1F63E2D256AE60300014C000A636F6D70617261746F727400164C6A6176612F7574696C2F436F6D70617261746F723B78707372002A6A6176612E6C616E672E537472696E672443617365496E73656E736974697665436F6D70617261746F7277035C7D5C50E5CE020000787077040000000E7400066163636570747371007E000600000001770400000001740087746578742F68746D6C2C6170706C69636174696F6E2F7868746D6C2B786D6C2C6170706C69636174696F6E2F786D6C3B713D302E392C696D6167652F617669662C696D6167652F776562702C696D6167652F61706E672C2A2F2A3B713D302E382C6170706C69636174696F6E2F7369676E65642D65786368616E67653B763D62333B713D302E377874000F6163636570742D656E636F64696E677371007E000600000001770400000001740017677A69702C206465666C6174652C2062722C207A7374647874000F6163636570742D6C616E67756167657371007E00060000000177040000000174000E656E2D55532C656E3B713D302E397874000A636F6E6E656374696F6E7371007E00060000000177040000000174000A6B6565702D616C69766578740004686F73747371007E00060000000177040000000174000E6C6F63616C686F73743A35353535787400097365632D63682D75617371007E000600000001770400000001740040224E6F7429413B4272616E64223B763D2238222C20224368726F6D69756D223B763D22313338222C2022476F6F676C65204368726F6D65223B763D2231333822787400107365632D63682D75612D6D6F62696C657371007E0006000000017704000000017400023F30787400127365632D63682D75612D706C6174666F726D7371007E0006000000017704000000017400092257696E646F7773227874000E7365632D66657463682D646573747371007E000600000001770400000001740008646F63756D656E747874000E7365632D66657463682D6D6F64657371007E0006000000017704000000017400086E617669676174657874000E7365632D66657463682D736974657371007E0006000000017704000000017400046E6F6E657874000E7365632D66657463682D757365727371007E0006000000017704000000017400023F3178740019757067726164652D696E7365637572652D72657175657374737371007E000600000001770400000001740001317874000A757365722D6167656E747371007E00060000000177040000000174006F4D6F7A696C6C612F352E30202857696E646F7773204E542031302E303B2057696E36343B2078363429204170706C655765624B69742F3533372E333620284B48544D4C2C206C696B65204765636B6F29204368726F6D652F3133382E302E302E30205361666172692F3533372E333678787371007E000600000002770400000002737200106A6176612E7574696C2E4C6F63616C657EF811609C30F9EC03000649000868617368636F64654C0007636F756E74727971007E00014C000A657874656E73696F6E7371007E00014C00086C616E677561676571007E00014C000673637269707471007E00014C000776617269616E7471007E00017870FFFFFFFF740002555371007E0005740002656E71007E000571007E0005787371007E0038FFFFFFFF71007E000571007E000571007E003B71007E000571007E00057878740008636F6E74696E75657400034745547371007E0008707704000000007870707400062F61646D696E74001B687474703A2F2F6C6F63616C686F73743A353535352F61646D696E740004687474707400096C6F63616C686F73747400062F61646D696E'),
('f5666f04-f354-4e04-8ff5-7ad971a5eb80', 'dob', X'ACED00057372000D6A6176612E74696D652E536572955D84BA1B2248B20C00007870770703000007D4030878'),
('f5666f04-f354-4e04-8ff5-7ad971a5eb80', 'email', X'ACED000574000F61646D696E40676D61696C2E636F6D'),
('f5666f04-f354-4e04-8ff5-7ad971a5eb80', 'fullName', X'ACED000574000561646D696E'),
('f5666f04-f354-4e04-8ff5-7ad971a5eb80', 'id', X'ACED00057372000E6A6176612E6C616E672E4C6F6E673B8BE490CC8F23DF0200014A000576616C7565787200106A6176612E6C616E672E4E756D62657286AC951D0B94E08B02000078700000000000000001'),
('f5666f04-f354-4e04-8ff5-7ad971a5eb80', 'jakarta.servlet.jsp.jstl.fmt.request.charset', X'ACED00057400055554462D38'),
('f5666f04-f354-4e04-8ff5-7ad971a5eb80', 'role', X'ACED000574000541444D494E'),
('f5666f04-f354-4e04-8ff5-7ad971a5eb80', 'SPRING_SECURITY_CONTEXT', X'ACED00057372003D6F72672E737072696E676672616D65776F726B2E73656375726974792E636F72652E636F6E746578742E5365637572697479436F6E74657874496D706C000000000000026C0200014C000E61757468656E7469636174696F6E7400324C6F72672F737072696E676672616D65776F726B2F73656375726974792F636F72652F41757468656E7469636174696F6E3B78707372004F6F72672E737072696E676672616D65776F726B2E73656375726974792E61757468656E7469636174696F6E2E557365726E616D6550617373776F726441757468656E7469636174696F6E546F6B656E000000000000026C0200024C000B63726564656E7469616C737400124C6A6176612F6C616E672F4F626A6563743B4C00097072696E636970616C71007E0004787200476F72672E737072696E676672616D65776F726B2E73656375726974792E61757468656E7469636174696F6E2E416273747261637441757468656E7469636174696F6E546F6B656ED3AA287E6E47640E0200035A000D61757468656E746963617465644C000B617574686F7269746965737400164C6A6176612F7574696C2F436F6C6C656374696F6E3B4C000764657461696C7371007E0004787001737200266A6176612E7574696C2E436F6C6C656374696F6E7324556E6D6F6469666961626C654C697374FC0F2531B5EC8E100200014C00046C6973747400104C6A6176612F7574696C2F4C6973743B7872002C6A6176612E7574696C2E436F6C6C656374696F6E7324556E6D6F6469666961626C65436F6C6C656374696F6E19420080CB5EF71E0200014C00016371007E00067870737200136A6176612E7574696C2E41727261794C6973747881D21D99C7619D03000149000473697A65787000000001770400000001737200426F72672E737072696E676672616D65776F726B2E73656375726974792E636F72652E617574686F726974792E53696D706C654772616E746564417574686F72697479000000000000026C0200014C0004726F6C657400124C6A6176612F6C616E672F537472696E673B787074000A524F4C455F41444D494E7871007E000D737200486F72672E737072696E676672616D65776F726B2E73656375726974792E7765622E61757468656E7469636174696F6E2E57656241757468656E7469636174696F6E44657461696C73000000000000026C0200024C000D72656D6F74654164647265737371007E000F4C000973657373696F6E496471007E000F787074000F303A303A303A303A303A303A303A3174002466306338383932372D633939352D346665392D383463362D346336383532346661386665707372002A7377702E7365313934316A762E706C732E736572766963652E437573746F6D5573657244657461696C7390D0AE44B0B793110200014C00067573657249647400104C6A6176612F6C616E672F4C6F6E673B787200326F72672E737072696E676672616D65776F726B2E73656375726974792E636F72652E7573657264657461696C732E55736572000000000000026C0200075A00116163636F756E744E6F6E457870697265645A00106163636F756E744E6F6E4C6F636B65645A001563726564656E7469616C734E6F6E457870697265645A0007656E61626C65644C000B617574686F72697469657374000F4C6A6176612F7574696C2F5365743B4C000870617373776F726471007E000F4C0008757365726E616D6571007E000F787001010101737200256A6176612E7574696C2E436F6C6C656374696F6E7324556E6D6F6469666961626C65536574801D92D18F9B80550200007871007E000A737200116A6176612E7574696C2E54726565536574DD98509395ED875B0300007870737200466F72672E737072696E676672616D65776F726B2E73656375726974792E636F72652E7573657264657461696C732E5573657224417574686F72697479436F6D70617261746F72000000000000026C020000787077040000000171007E0010787074000F61646D696E40676D61696C2E636F6D7372000E6A6176612E6C616E672E4C6F6E673B8BE490CC8F23DF0200014A000576616C7565787200106A6176612E6C616E672E4E756D62657286AC951D0B94E08B02000078700000000000000001'),
('f5666f04-f354-4e04-8ff5-7ad971a5eb80', 'SPRING_SECURITY_SAVED_REQUEST', X'ACED0005737200416F72672E737072696E676672616D65776F726B2E73656375726974792E7765622E7361766564726571756573742E44656661756C74536176656452657175657374000000000000026C02000F49000A736572766572506F72744C000B636F6E74657874506174687400124C6A6176612F6C616E672F537472696E673B4C0007636F6F6B6965737400154C6A6176612F7574696C2F41727261794C6973743B4C00076865616465727374000F4C6A6176612F7574696C2F4D61703B4C00076C6F63616C657371007E00024C001C6D61746368696E6752657175657374506172616D657465724E616D6571007E00014C00066D6574686F6471007E00014C000A706172616D657465727371007E00034C000870617468496E666F71007E00014C000B7175657279537472696E6771007E00014C000A7265717565737455524971007E00014C000A7265717565737455524C71007E00014C0006736368656D6571007E00014C000A7365727665724E616D6571007E00014C000B736572766C65745061746871007E00017870000015B3740000737200136A6176612E7574696C2E41727261794C6973747881D21D99C7619D03000149000473697A65787000000001770400000001737200396F72672E737072696E676672616D65776F726B2E73656375726974792E7765622E7361766564726571756573742E5361766564436F6F6B6965000000000000026C0200084900066D61784167655A000673656375726549000776657273696F6E4C0007636F6D6D656E7471007E00014C0006646F6D61696E71007E00014C00046E616D6571007E00014C00047061746871007E00014C000576616C756571007E00017870FFFFFFFF0000000000707074000753455353494F4E707400305A6A426A4F4467354D6A6374597A6B354E5330305A6D55354C546730597A59744E474D324F4455794E475A684F475A6C78737200116A6176612E7574696C2E547265654D61700CC1F63E2D256AE60300014C000A636F6D70617261746F727400164C6A6176612F7574696C2F436F6D70617261746F723B78707372002A6A6176612E6C616E672E537472696E672443617365496E73656E736974697665436F6D70617261746F7277035C7D5C50E5CE020000787077040000000E7400066163636570747371007E0006000000017704000000017400032A2F2A7874000F6163636570742D656E636F64696E677371007E000600000001770400000001740017677A69702C206465666C6174652C2062722C207A7374647874000F6163636570742D6C616E67756167657371007E00060000000177040000000174000E656E2D55532C656E3B713D302E397874000A636F6E6E656374696F6E7371007E00060000000177040000000174000A6B6565702D616C69766578740006636F6F6B69657371007E00060000000177040000000174003853455353494F4E3D5A6A426A4F4467354D6A6374597A6B354E5330305A6D55354C546730597A59744E474D324F4455794E475A684F475A6C78740004686F73747371007E00060000000177040000000174000E6C6F63616C686F73743A3535353578740007726566657265727371007E000600000001770400000001740016687474703A2F2F6C6F63616C686F73743A353535352F787400097365632D63682D75617371007E000600000001770400000001740040224E6F7429413B4272616E64223B763D2238222C20224368726F6D69756D223B763D22313338222C2022476F6F676C65204368726F6D65223B763D2231333822787400107365632D63682D75612D6D6F62696C657371007E0006000000017704000000017400023F30787400127365632D63682D75612D706C6174666F726D7371007E0006000000017704000000017400092257696E646F7773227874000E7365632D66657463682D646573747371007E000600000001770400000001740005656D7074797874000E7365632D66657463682D6D6F64657371007E000600000001770400000001740004636F72737874000E7365632D66657463682D736974657371007E00060000000177040000000174000B73616D652D6F726967696E7874000A757365722D6167656E747371007E00060000000177040000000174006F4D6F7A696C6C612F352E30202857696E646F7773204E542031302E303B2057696E36343B2078363429204170706C655765624B69742F3533372E333620284B48544D4C2C206C696B65204765636B6F29204368726F6D652F3133382E302E302E30205361666172692F3533372E333678787371007E000600000002770400000002737200106A6176612E7574696C2E4C6F63616C657EF811609C30F9EC03000649000868617368636F64654C0007636F756E74727971007E00014C000A657874656E73696F6E7371007E00014C00086C616E677561676571007E00014C000673637269707471007E00014C000776617269616E7471007E00017870FFFFFFFF740002555371007E0005740002656E71007E000571007E0005787371007E003CFFFFFFFF71007E000571007E000571007E003F71007E000571007E00057878740008636F6E74696E75657400034745547371007E000C707704000000007870707400212F6E6F74696669636174696F6E2F636C69656E742F756E726561642D636F756E74740036687474703A2F2F6C6F63616C686F73743A353535352F6E6F74696669636174696F6E2F636C69656E742F756E726561642D636F756E74740004687474707400096C6F63616C686F73747400212F6E6F74696669636174696F6E2F636C69656E742F756E726561642D636F756E74'),
('fb0c0636-c259-4727-9d72-4a5276a37f7d', 'avatar', X'ACED0005740000'),
('fb0c0636-c259-4727-9d72-4a5276a37f7d', 'dob', X'ACED00057372000D6A6176612E74696D652E536572955D84BA1B2248B20C00007870770703000007D4030878'),
('fb0c0636-c259-4727-9d72-4a5276a37f7d', 'email', X'ACED000574000F61646D696E40676D61696C2E636F6D'),
('fb0c0636-c259-4727-9d72-4a5276a37f7d', 'fullName', X'ACED0005740013C490E1BB97204368C3AD6E68205468E1BBA963'),
('fb0c0636-c259-4727-9d72-4a5276a37f7d', 'id', X'ACED00057372000E6A6176612E6C616E672E4C6F6E673B8BE490CC8F23DF0200014A000576616C7565787200106A6176612E6C616E672E4E756D62657286AC951D0B94E08B02000078700000000000000001'),
('fb0c0636-c259-4727-9d72-4a5276a37f7d', 'jakarta.servlet.jsp.jstl.fmt.request.charset', X'ACED00057400055554462D38'),
('fb0c0636-c259-4727-9d72-4a5276a37f7d', 'role', X'ACED000574000541444D494E'),
('fb0c0636-c259-4727-9d72-4a5276a37f7d', 'SPRING_SECURITY_CONTEXT', X'ACED00057372003D6F72672E737072696E676672616D65776F726B2E73656375726974792E636F72652E636F6E746578742E5365637572697479436F6E74657874496D706C000000000000026C0200014C000E61757468656E7469636174696F6E7400324C6F72672F737072696E676672616D65776F726B2F73656375726974792F636F72652F41757468656E7469636174696F6E3B78707372004F6F72672E737072696E676672616D65776F726B2E73656375726974792E61757468656E7469636174696F6E2E557365726E616D6550617373776F726441757468656E7469636174696F6E546F6B656E000000000000026C0200024C000B63726564656E7469616C737400124C6A6176612F6C616E672F4F626A6563743B4C00097072696E636970616C71007E0004787200476F72672E737072696E676672616D65776F726B2E73656375726974792E61757468656E7469636174696F6E2E416273747261637441757468656E7469636174696F6E546F6B656ED3AA287E6E47640E0200035A000D61757468656E746963617465644C000B617574686F7269746965737400164C6A6176612F7574696C2F436F6C6C656374696F6E3B4C000764657461696C7371007E0004787001737200266A6176612E7574696C2E436F6C6C656374696F6E7324556E6D6F6469666961626C654C697374FC0F2531B5EC8E100200014C00046C6973747400104C6A6176612F7574696C2F4C6973743B7872002C6A6176612E7574696C2E436F6C6C656374696F6E7324556E6D6F6469666961626C65436F6C6C656374696F6E19420080CB5EF71E0200014C00016371007E00067870737200136A6176612E7574696C2E41727261794C6973747881D21D99C7619D03000149000473697A65787000000001770400000001737200426F72672E737072696E676672616D65776F726B2E73656375726974792E636F72652E617574686F726974792E53696D706C654772616E746564417574686F72697479000000000000026C0200014C0004726F6C657400124C6A6176612F6C616E672F537472696E673B787074000A524F4C455F41444D494E7871007E000D737200486F72672E737072696E676672616D65776F726B2E73656375726974792E7765622E61757468656E7469636174696F6E2E57656241757468656E7469636174696F6E44657461696C73000000000000026C0200024C000D72656D6F74654164647265737371007E000F4C000973657373696F6E496471007E000F787074000F303A303A303A303A303A303A303A3174002438313765343865642D316435322D343934322D383163382D383737313736616333376464707372002A7377702E7365313934316A762E706C732E736572766963652E437573746F6D5573657244657461696C7390D0AE44B0B793110200014C00067573657249647400104C6A6176612F6C616E672F4C6F6E673B787200326F72672E737072696E676672616D65776F726B2E73656375726974792E636F72652E7573657264657461696C732E55736572000000000000026C0200075A00116163636F756E744E6F6E457870697265645A00106163636F756E744E6F6E4C6F636B65645A001563726564656E7469616C734E6F6E457870697265645A0007656E61626C65644C000B617574686F72697469657374000F4C6A6176612F7574696C2F5365743B4C000870617373776F726471007E000F4C0008757365726E616D6571007E000F787001010101737200256A6176612E7574696C2E436F6C6C656374696F6E7324556E6D6F6469666961626C65536574801D92D18F9B80550200007871007E000A737200116A6176612E7574696C2E54726565536574DD98509395ED875B0300007870737200466F72672E737072696E676672616D65776F726B2E73656375726974792E636F72652E7573657264657461696C732E5573657224417574686F72697479436F6D70617261746F72000000000000026C020000787077040000000171007E0010787074000F61646D696E40676D61696C2E636F6D7372000E6A6176612E6C616E672E4C6F6E673B8BE490CC8F23DF0200014A000576616C7565787200106A6176612E6C616E672E4E756D62657286AC951D0B94E08B02000078700000000000000001');
INSERT INTO `subject_assignments` (`assignment_id`, `assigned_at`, `assigned_by`, `subject_id`, `user_id`) VALUES
(8, '2025-07-18 00:01:28.972406', 5, 2, 2),
(9, '2025-07-18 00:01:38.888922', 5, 3, 2),
(11, '2025-07-18 00:06:52.907926', 5, 1, 2),
(12, '2025-07-18 00:23:23.720761', 5, 4, 2);
INSERT INTO `subject_status_history` (`status_history_id`, `changed_at`, `feedback`, `status`, `reviewer_id`, `subject_id`, `submitted_by`) VALUES
(2, '2025-07-18 00:18:17.558735', NULL, 'APPROVED', 5, 2, 2),
(3, '2025-07-18 00:09:37.522716', NULL, 'APPROVED', 5, 1, 2),
(4, '2025-07-18 00:09:15.255267', NULL, 'APPROVED', 5, 3, 2),
(5, '2025-07-18 00:24:22.393090', NULL, 'DRAFT', 5, 4, 2);
INSERT INTO `subjects` (`subject_id`, `created_at`, `updated_at`, `user_created`, `user_updated`, `is_active`, `subject_description`, `subject_image`, `subject_name`, `grade_id`) VALUES
(1, '2025-07-17 23:30:00.000000', '2025-07-18 00:09:37.524524', 1, 5, 1, 'Môn Toán lớp 10 theo chương trình GDPT 2018', '0c4628e1-c919-4a78-aeac-f1addb4ee11f.jpg', 'Toán 10', 1),
(2, '2025-07-17 23:30:00.000000', '2025-07-18 00:18:17.559357', 1, 5, 1, 'Môn Toán lớp 11 theo chương trình GDPT 2018', '63895aa6-733f-4454-a2e8-a9c2a07b0a95.png', 'Toán 11', 2),
(3, '2025-07-17 23:30:00.000000', '2025-07-18 00:09:15.257397', 1, 5, 1, 'Môn Tiếng Anh lớp 10 theo chương trình GDPT 2018', 'd7b3b9b1-e29d-4232-aa65-00690c579a12.jpg', 'Tiếng Anh 10', 1),
(4, '2025-07-17 23:30:00.000000', '2025-07-24 08:20:43.500033', 1, 5, 0, 'Môn Tiếng Anh lớp 11 theo chương trình GDPT 2018', 'c96fd6ee-d6dc-4f6d-b698-4d992b8bf671.jpg', 'Tiếng Anh 11', 2);
INSERT INTO `test` (`test_id`, `created_at`, `updated_at`, `user_created`, `user_updated`, `duration_time`, `end_at`, `is_open`, `max_attempts`, `reason`, `start_at`, `test_name`, `chapter_id`, `lesson_id`, `subject_id`, `test_category_id`, `test_status_id`) VALUES
(1, '2025-07-18 09:02:02.642381', '2025-07-18 09:02:45.145363', 2, 5, 10, NULL, 1, NULL, 'test oke', NULL, 'Kiểm tra cuối bài 1', 1, 1, 1, 4, 3),
(2, '2025-07-18 09:07:24.826081', '2025-07-18 09:07:24.826081', 9, 9, NULL, '2025-07-18 09:07:24.812658', NULL, NULL, NULL, '2025-07-18 09:07:24.812658', 'Practice Test - học sinh thứ nhất - 18/07/2025 09:07:24', NULL, NULL, NULL, 1, NULL),
(3, '2025-07-18 09:42:32.582345', '2025-07-18 09:43:01.157105', 2, 5, 12, NULL, 1, NULL, 'oke', NULL, 'bài kiểm tra tra cuối Kỳ', NULL, NULL, 1, 3, 3),
(4, '2025-07-19 22:49:11.595928', '2025-07-19 22:49:11.595928', 9, 9, NULL, '2025-07-19 22:49:11.412631', NULL, NULL, NULL, '2025-07-19 22:49:11.412631', 'Practice Test - học sinh thứ nhất - 19/07/2025 22:49:11', NULL, NULL, NULL, 1, NULL);
INSERT INTO `test_category` (`test_category_id`, `name`) VALUES
(1, 'practice'),
(2, 'kiểm tra chương'),
(3, 'kiểm tra toàn bộ môn học'),
(4, 'kiểm tra cuối bài học');
INSERT INTO `test_status` (`test_status_id`, `description`, `test_status_name`) VALUES
(1, 'Lưu Bản Nháp', 'Nháp'),
(2, 'Test Đang Xử Lý', 'Đang Xử Lý'),
(3, 'Test được phê duyệt', 'Chấp Nhận'),
(4, 'Test bị từ chối', 'Từ Chối');
INSERT INTO `transaction_package` (`transaction_id`, `package_id`) VALUES
(1, 1),
(2, 4),
(3, 4),
(4, 4),
(4, 2),
(5, 3),
(6, 1),
(7, 2),
(8, 2),
(9, 2),
(10, 4),
(10, 1);
INSERT INTO `transactions` (`transaction_id`, `created_at`, `updated_at`, `user_created`, `user_updated`, `add_info`, `amount`, `confirmed_at`, `evidence_image`, `note`, `rejected_at`, `rejection_reason`, `status`, `transfer_code`, `processed_by`, `student_id`, `user_id`) VALUES
(1, '2025-03-18 00:31:40.907243', '2025-03-18 00:31:40.907243', 7, 5, 'PLS 7 250718003116  BAD84F', '1000000.00', '2025-03-18 00:31:50.568000', NULL, NULL, NULL, NULL, 'APPROVED', 'PLS7250718003116', 5, 9, 7),
(2, '2025-07-18 17:49:32.637101', '2025-07-18 17:49:32.637101', 7, 7, 'VNPAY payment', '200000.00', '2025-07-18 18:49:32.637101', NULL, NULL, NULL, NULL, 'APPROVED', '1752835748033', NULL, 9, 7),
(3, '2025-02-18 17:52:47.537071', '2025-02-18 17:52:47.537071', 7, 7, 'VNPAY Payment', '200000.00', '2025-02-18 17:52:47.509000', NULL, NULL, NULL, NULL, 'APPROVED', '1752835940664', NULL, 9, 7),
(4, '2025-03-18 17:59:41.590517', '2025-03-18 17:59:41.590517', 7, 7, 'VNPAY Payment', '400000.00', '2025-03-18 17:59:41.563000', NULL, NULL, NULL, NULL, 'APPROVED', '1752836358427', NULL, 10, 7),
(5, '2025-06-18 18:04:03.244309', '2025-06-18 18:04:03.244309', 7, 7, 'VNPAY Payment', '2000000.00', '2025-06-18 18:04:03.218000', NULL, NULL, NULL, NULL, 'APPROVED', '1752836603345', NULL, 9, 7),
(6, '2025-04-18 18:09:01.657318', '2025-04-18 18:09:01.657318', 7, 7, 'VNPAY Payment', '1000000.00', '2025-04-18 18:09:01.629000', NULL, NULL, NULL, NULL, 'APPROVED', '1752836914102', NULL, 10, 7),
(7, '2025-05-18 18:20:22.949216', '2025-05-18 18:20:22.949216', 7, 7, 'VNPAY Payment', '200000.00', '2025-05-18 18:20:22.909000', NULL, NULL, NULL, NULL, 'APPROVED', '1752837592836', NULL, 9, 7),
(8, '2025-05-18 18:35:55.116810', '2025-05-18 18:35:55.116810', 7, 7, 'VNPAY Payment', '200000.00', '2025-05-18 18:35:55.094419', NULL, NULL, NULL, NULL, 'APPROVED', '1752838534995', NULL, 10, 7),
(9, '2025-07-18 18:50:22.759680', '2025-07-18 18:50:22.759680', 7, 7, 'VNPAY Payment', '200000.00', '2025-07-18 18:50:22.733680', NULL, NULL, NULL, NULL, 'APPROVED', '1752839399671', NULL, 9, 7),
(10, '2025-07-19 23:39:01.585846', '2025-07-19 23:39:01.585846', 7, 7, 'VNPAY Payment', '1200000.00', '2025-07-19 23:39:01.544483', NULL, NULL, NULL, NULL, 'APPROVED', '1752943105779', NULL, 9, 7);
INSERT INTO `user` (`user_id`, `created_at`, `updated_at`, `user_created`, `user_updated`, `avatar`, `dob`, `email`, `email_verify`, `email_verify_token`, `email_verify_token_expiry`, `full_name`, `is_active`, `password`, `phone_number`, `reset_password_token`, `reset_password_token_expiry`, `parent_id`, `role_name`) VALUES
(1, '2025-07-17 22:44:23.021036', '2025-07-24 09:31:39.964908', NULL, 5, '', '2004-03-08', 'admin@gmail.com', 1, NULL, NULL, 'Đỗ Chính Thức', 1, '$2a$10$Zqektcg5fOfY6qp4TJwYneVUvRqo9Fa7NHfbEuDxRTzPkAhC8MaL2', '0333009273', NULL, NULL, NULL, 'ADMIN'),
(2, '2025-07-17 22:47:35.636651', '2025-07-24 09:31:11.041213', 1, 5, '', '2025-01-16', 'staff1@gmail.com', 1, NULL, NULL, 'Nguyễn Văn Chiến', 1, '$2a$10$Zqektcg5fOfY6qp4TJwYneVUvRqo9Fa7NHfbEuDxRTzPkAhC8MaL2', '0333009274', NULL, NULL, NULL, 'STAFF'),
(3, '2025-07-17 22:47:35.636651', '2025-07-24 09:28:47.026645', 1, 5, '', '2025-01-16', 'staff2@gmail.com', 1, NULL, NULL, 'Đỗ Hải Phong', 1, '$2a$10$Zqektcg5fOfY6qp4TJwYneVUvRqo9Fa7NHfbEuDxRTzPkAhC8MaL2', '0333009275', NULL, NULL, NULL, 'STAFF'),
(5, '2025-07-17 22:47:35.636651', '2025-07-24 09:28:24.156837', 1, 5, '', '2025-01-16', 'content1@gmail.com', 1, NULL, NULL, 'Nguyễn Văn Hiếu', 1, '$2a$10$Zqektcg5fOfY6qp4TJwYneVUvRqo9Fa7NHfbEuDxRTzPkAhC8MaL2', '0333009276', NULL, NULL, NULL, 'CONTENT_MANAGER'),
(6, '2025-07-17 22:47:35.636651', '2025-07-24 09:28:05.922988', 1, 5, '', '2025-01-16', 'content2@gmail.com', 1, NULL, NULL, 'Đào Thị Hiền Mai', 1, '$2a$10$Zqektcg5fOfY6qp4TJwYneVUvRqo9Fa7NHfbEuDxRTzPkAhC8MaL2', '0333009277', NULL, NULL, NULL, 'CONTENT_MANAGER'),
(7, '2025-07-17 22:47:35.636651', '2025-07-24 09:26:52.848305', 1, 5, '', '2025-01-16', 'parent1@gmail.com', 1, NULL, NULL, 'Nguyễn Đức Anh', 1, '$2a$10$Zqektcg5fOfY6qp4TJwYneVUvRqo9Fa7NHfbEuDxRTzPkAhC8MaL2', '0333009278', NULL, NULL, NULL, 'PARENT'),
(8, '2025-07-17 22:47:35.636651', '2025-07-24 09:27:44.337280', 1, 5, '', '2025-01-16', 'parent2@gmail.com', 1, NULL, NULL, 'Dương Thị Thảo', 1, '$2a$10$Zqektcg5fOfY6qp4TJwYneVUvRqo9Fa7NHfbEuDxRTzPkAhC8MaL2', '0333009279', NULL, NULL, NULL, 'PARENT'),
(9, '2025-07-17 23:01:06.218043', '2025-07-24 09:15:21.130152', 7, 5, '970f692d-3355-4969-83cc-0454ce62b43e.png', '2025-07-10', 'student1@gmail.com', 1, NULL, NULL, 'NguyễnTrọng Lực', 1, '$2a$10$TsizZHtGYYgNvdHa5GcGAOffg454jMNL1ue8DtuuQHbY6K/jPXWv6', '0333009200', NULL, NULL, NULL, 'STUDENT'),
(10, '2025-07-17 23:01:06.218043', '2025-07-24 09:14:28.478482', 7, 5, '', '2025-07-10', 'student2@gmail.com', 1, NULL, NULL, 'Nguyễn Văn An', 1, '$2a$10$TsizZHtGYYgNvdHa5GcGAOffg454jMNL1ue8DtuuQHbY6K/jPXWv6', '0333009201', NULL, NULL, NULL, 'STUDENT'),
(11, '2025-07-24 09:46:33.078484', '2025-07-24 09:46:33.078484', 1, 1, '', '2005-02-20', 'test@gmail.com', 1, NULL, NULL, 'test', 1, '$2a$10$3N4Kg.dn3H4uTvzav/WSZeV2ycn1XuXLJfcHf4QFjC9vm8D1.XCZ.', '0954786321', NULL, NULL, NULL, 'STUDENT'),
(12, '2025-07-24 10:09:06.788522', '2025-07-24 10:09:06.788522', 1, 1, '', '2004-06-14', 'quyetdx16@gmail.com', 1, NULL, NULL, 'Dương Xuân Quyết', 1, '$2a$10$kpKiCcg/R6RXBhWJ5FEgLe0tSRHjCM3PMwlVG.LdmEGY44BlyG/D.', '0945783612', NULL, NULL, NULL, 'STUDENT');
INSERT INTO `user_notifications` (`is_read`, `notification_id`, `user_id`) VALUES
(1, 10, 9),
(0, 10, 10),
(0, 39, 9),
(0, 39, 10),
(1, 40, 7),
(1, 40, 8),
(1, 40, 9),
(0, 40, 10),
(0, 41, 9),
(0, 41, 10),
(0, 41, 11),
(0, 41, 12),
(0, 42, 9);
INSERT INTO `user_package` (`end_date`, `start_date`, `package_id`, `user_id`) VALUES
('2026-01-15 23:39:02.136820', '2025-07-19 23:39:02.136820', 1, 9),
('2026-01-14 18:09:01.956782', '2025-07-18 18:09:01.956782', 1, 10),
('2026-01-14 18:50:23.057636', '2025-07-18 18:50:23.057636', 2, 9),
('2026-01-14 18:35:55.428147', '2025-07-18 18:35:55.428147', 2, 10),
('2026-07-18 18:04:03.538502', '2025-07-18 18:04:03.538502', 3, 9),
('2026-03-16 23:39:01.958895', '2025-07-19 23:39:01.958895', 4, 9),
('2026-03-15 17:59:41.953667', '2025-07-18 17:59:41.953667', 4, 10);
INSERT INTO `user_test` (`user_test_id`, `correct_answers`, `time_end`, `time_start`, `total_questions`, `package_id`, `test_id`, `user_id`) VALUES
(1, 3, '2025-07-18 09:03:11.430454', '2025-07-18 09:03:05.722646', 4, 1, 1, 9),
(2, 9, '2025-07-18 09:08:18.526154', '2025-07-18 09:07:24.837589', 15, NULL, 2, 9),
(3, 2, '2025-07-18 09:43:19.011471', '2025-07-18 09:43:13.200382', 5, 1, 3, 9),
(4, 3, '2025-07-19 22:50:55.410952', '2025-07-19 22:49:11.673531', 5, NULL, 4, 9);


/*!40101 SET SQL_MODE=@OLD_SQL_MODE */;
/*!40014 SET FOREIGN_KEY_CHECKS=@OLD_FOREIGN_KEY_CHECKS */;
/*!40014 SET UNIQUE_CHECKS=@OLD_UNIQUE_CHECKS */;
/*!40101 SET CHARACTER_SET_CLIENT=@OLD_CHARACTER_SET_CLIENT */;
/*!40101 SET CHARACTER_SET_RESULTS=@OLD_CHARACTER_SET_RESULTS */;
/*!40101 SET COLLATION_CONNECTION=@OLD_COLLATION_CONNECTION */;
/*!40111 SET SQL_NOTES=@OLD_SQL_NOTES */;